osm_id,road_type,is_flooded,source_file,lon,lat
384524249,unclassified,True,chennai-flooded-streets-23-Nov-2017.geojson,80.234358,12.945552
29503189,tertiary,True,chennai-flooded-streets-23-Nov-2017.geojson,80.222339,12.982525
27320194,residential,True,chennai-flooded-streets-23-Nov-2017.geojson,80.21301,12.972609
355766169,residential,True,chennai-flooded-streets-23-Nov-2017.geojson,80.18158,12.938288
27319901,residential,True,chennai-flooded-streets-23-Nov-2017.geojson,80.210068,12.977943
27320109,residential,True,chennai-flooded-streets-23-Nov-2017.geojson,80.209132,12.968061
317838482,unclassified,True,chennai-flooded-streets-23-Nov-2017.geojson,80.240154,12.971833
213364679,residential,True,chennai-flooded-streets-23-Nov-2017.geojson,80.221996,12.972787
23762120,secondary,True,chennai-flooded-streets-23-Nov-2017.geojson,80.244312,12.974075
27319898,residential,True,chennai-flooded-streets-23-Nov-2017.geojson,80.210661,12.981404
206658387,residential,True,chennai-flooded-streets-23-Nov-2017.geojson,80.210063,12.977567
27319898,residential,True,chennai-flooded-streets-23-Nov-2017.geojson,80.210661,12.981404
442874737,service,True,chennai-flooded-streets-23-Nov-2017.geojson,80.228573,12.90803
178114541,residential,True,chennai-flooded-streets-23-Nov-2017.geojson,80.199294,12.942172
27319922,residential,True,chennai-flooded-streets-23-Nov-2017.geojson,80.217994,12.970996
154083820,unclassified,True,chennai-flooded-streets-23-Nov-2017.geojson,80.234798,12.950103
27344730,residential,True,chennai-flooded-streets-23-Nov-2017.geojson,80.193516,12.98298
384524243,unclassified,True,chennai-flooded-streets-23-Nov-2017.geojson,80.232982,12.94493
27359967,residential,True,chennai-flooded-streets-23-Nov-2017.geojson,80.19033,12.988976
244466147,primary,True,chennai-flooded-streets-23-Nov-2017.geojson,80.200366,12.979731
442874737,service,True,chennai-flooded-streets-23-Nov-2017.geojson,80.228573,12.90803
132509259,unclassified,True,chennai-flooded-streets-23-Nov-2017.geojson,80.22353,12.970923
206849361,unclassified,True,chennai-flooded-streets-23-Nov-2017.geojson,80.200476,12.99984
27319415,residential,True,chennai-flooded-streets-23-Nov-2017.geojson,80.211353,12.96518
206637730,residential,True,chennai-flooded-streets-23-Nov-2017.geojson,80.214078,12.967282
0,unclassified,True,chennai-flooded-streets-23-Nov-2017.geojson,80.198934,12.948587
384310127,unclassified,True,chennai-flooded-streets-23-Nov-2017.geojson,80.205243,12.950012
422439815,road,True,chennai-flooded-streets-23-Nov-2017.geojson,80.222395,12.981213
27319423,residential,True,chennai-flooded-streets-23-Nov-2017.geojson,80.211355,12.964527
27319409,residential,True,chennai-flooded-streets-23-Nov-2017.geojson,80.211353,12.966244
27343733,residential,True,chennai-flooded-streets-23-Nov-2017.geojson,80.204296,12.982619
30609138,unclassified,True,chennai-flooded-streets-23-Nov-2017.geojson,80.232127,12.978594
384524244,unclassified,True,chennai-flooded-streets-23-Nov-2017.geojson,80.233502,12.944839
27630342,residential,True,chennai-flooded-streets-23-Nov-2017.geojson,80.239205,12.980058
28500905,unclassified,True,chennai-flooded-streets-23-Nov-2017.geojson,80.186902,12.973931
384524246,unclassified,True,chennai-flooded-streets-23-Nov-2017.geojson,80.234031,12.944583
189488694,tertiary,True,chennai-flooded-streets-23-Nov-2017.geojson,80.228629,12.908864
27319745,residential,True,chennai-flooded-streets-23-Nov-2017.geojson,80.212251,12.977387
28560879,residential,True,chennai-flooded-streets-23-Nov-2017.geojson,80.189082,12.972274
132065361,unclassified,True,chennai-flooded-streets-23-Nov-2017.geojson,80.243521,12.977436
27483141,residential,True,chennai-flooded-streets-23-Nov-2017.geojson,80.193822,12.992465
27319968,residential,True,chennai-flooded-streets-23-Nov-2017.geojson,80.20749,12.98
27343734,residential,True,chennai-flooded-streets-23-Nov-2017.geojson,80.204806,12.98299
384524269,unclassified,True,chennai-flooded-streets-23-Nov-2017.geojson,80.232888,12.943984
27343728,residential,True,chennai-flooded-streets-23-Nov-2017.geojson,80.210269,12.980701
321715858,residential,True,chennai-flooded-streets-23-Nov-2017.geojson,80.210159,12.980701
424525929,unclassified,True,chennai-flooded-streets-23-Nov-2017.geojson,80.22887,12.977225
335999359,tertiary,True,chennai-flooded-streets-23-Nov-2017.geojson,80.193857,12.942857
27319907,residential,True,chennai-flooded-streets-23-Nov-2017.geojson,80.216594,12.982653
27319921,residential,True,chennai-flooded-streets-23-Nov-2017.geojson,80.218764,12.970845
27360453,residential,True,chennai-flooded-streets-23-Nov-2017.geojson,80.209489,12.976318
102547879,primary,True,chennai-flooded-streets-23-Nov-2017.geojson,80.180129,12.949881
84099129,residential,True,chennai-flooded-streets-23-Nov-2017.geojson,80.203043,12.960295
27319997,residential,True,chennai-flooded-streets-23-Nov-2017.geojson,80.204282,12.982212
27344680,residential,True,chennai-flooded-streets-23-Nov-2017.geojson,80.211009,12.975918
98639480,primary,True,chennai-flooded-streets-23-Nov-2017.geojson,80.21808,12.968312
27370270,residential,True,chennai-flooded-streets-23-Nov-2017.geojson,80.228868,12.977664
27319916,residential,True,chennai-flooded-streets-23-Nov-2017.geojson,80.21705,12.971877
27320008,residential,True,chennai-flooded-streets-23-Nov-2017.geojson,80.206439,12.982753
27319923,residential,True,chennai-flooded-streets-23-Nov-2017.geojson,80.220539,12.971657
206658398,residential,True,chennai-flooded-streets-23-Nov-2017.geojson,80.210524,12.976906
206673866,residential,True,chennai-flooded-streets-23-Nov-2017.geojson,80.217077,12.976163
132065377,living_street,True,chennai-flooded-streets-23-Nov-2017.geojson,80.243732,12.97746
0,unclassified,True,chennai-flooded-streets-23-Nov-2017.geojson,80.232521,12.97862
30604288,unclassified,True,chennai-flooded-streets-23-Nov-2017.geojson,80.221996,12.973249
27319897,residential,True,chennai-flooded-streets-23-Nov-2017.geojson,80.211696,12.978181
384524243,unclassified,True,chennai-flooded-streets-23-Nov-2017.geojson,80.232953,12.944933
27480309,secondary,True,chennai-flooded-streets-23-Nov-2017.geojson,80.222012,12.98298
132509259,unclassified,True,chennai-flooded-streets-23-Nov-2017.geojson,80.222339,12.970805
30029370,residential,True,chennai-flooded-streets-23-Nov-2017.geojson,80.232845,12.984875
321715858,residential,True,chennai-flooded-streets-23-Nov-2017.geojson,80.210159,12.980701
27370267,unclassified,True,chennai-flooded-streets-23-Nov-2017.geojson,80.227717,12.978422
30604309,primary,True,chennai-flooded-streets-23-Nov-2017.geojson,80.220794,12.975403
27320164,residential,True,chennai-flooded-streets-23-Nov-2017.geojson,80.218734,12.975366
23762120,secondary,True,chennai-flooded-streets-23-Nov-2017.geojson,80.246718,12.963395
232405499,residential,True,chennai-flooded-streets-23-Nov-2017.geojson,80.210079,12.976851
203726516,primary_link,True,chennai-flooded-streets-23-Nov-2017.geojson,80.208252,12.944107
27319898,residential,True,chennai-flooded-streets-23-Nov-2017.geojson,80.210661,12.981404
22926966,tertiary,True,chennai-flooded-streets-23-Nov-2017.geojson,80.243373,12.98298
27319413,residential,True,chennai-flooded-streets-23-Nov-2017.geojson,80.211551,12.965711
27319897,residential,True,chennai-flooded-streets-23-Nov-2017.geojson,80.211696,12.978181
98639480,primary,True,chennai-flooded-streets-23-Nov-2017.geojson,80.21808,12.968312
384524245,unclassified,True,chennai-flooded-streets-23-Nov-2017.geojson,80.233873,12.944776
225395154,tertiary,True,chennai-flooded-streets-23-Nov-2017.geojson,80.231115,12.949886
27344667,residential,True,chennai-flooded-streets-23-Nov-2017.geojson,80.213091,12.97362
27319880,residential,True,chennai-flooded-streets-23-Nov-2017.geojson,80.210352,12.976856
30604301,primary,True,chennai-flooded-streets-23-Nov-2017.geojson,80.217865,12.98298
184469839,residential,True,chennai-flooded-streets-23-Nov-2017.geojson,80.211055,12.963306
384524247,unclassified,True,chennai-flooded-streets-23-Nov-2017.geojson,80.234286,12.945254
23762120,secondary,True,chennai-flooded-streets-23-Nov-2017.geojson,80.244733,12.972274
27319890,residential,True,chennai-flooded-streets-23-Nov-2017.geojson,80.210307,12.978349
0,residential,True,chennai-flooded-streets-23-Nov-2017.geojson,80.231893,12.941869
27319415,residential,True,chennai-flooded-streets-23-Nov-2017.geojson,80.2115,12.965162
178647162,residential,True,chennai-flooded-streets-Dec2.geojson,80.2196279168129,12.97434220253173
27320198,residential,True,chennai-flooded-streets-Dec2.geojson,80.21821439266205,12.973542398609595
27320193,residential,True,chennai-flooded-streets-Dec2.geojson,80.2147650718689,12.970371908736965
206658378,residential,True,chennai-flooded-streets-Dec2.geojson,80.21261394023895,12.97328625171167
27344663,residential,True,chennai-flooded-streets-Dec2.geojson,80.21602034568787,12.980562811885449
28571978,residential,True,chennai-flooded-streets-Dec2.geojson,80.21646559238434,12.974229811939836
27360702,residential,True,chennai-flooded-streets-Dec2.geojson,80.1858401298523,12.983806353588108
178647161,residential,True,chennai-flooded-streets-Dec2.geojson,80.21643072366714,12.974760399636835
27320166,residential,True,chennai-flooded-streets-Dec2.geojson,80.22048890590668,12.97553406242723
132509249,residential,True,chennai-flooded-streets-Dec2.geojson,80.22044330835342,12.9710122829904
206807738,residential,True,chennai-flooded-streets-Dec2.geojson,80.22788643836975,12.976038510179947
151244188,unclassified,True,chennai-flooded-streets-Dec2.geojson,80.23041844367981,12.978090268990016
151244519,unclassified,True,chennai-flooded-streets-Dec2.geojson,80.2316603064537,12.978160838737054
27344671,residential,True,chennai-flooded-streets-Dec2.geojson,80.21360367536545,12.973767180363936
213364206,residential,True,chennai-flooded-streets-Dec2.geojson,80.21301358938217,12.97270077209717
30598643,residential,True,chennai-flooded-streets-Dec2.geojson,80.21359831094742,12.973657403253469
27370225,residential,True,chennai-flooded-streets-Dec2.geojson,80.21374046802521,12.974143558660444
27319908,residential,True,chennai-flooded-streets-Dec2.geojson,80.213882625103,12.980915656910696
179255282,residential,True,chennai-flooded-streets-Dec2.geojson,80.198754966259,12.9467396396971
132509245,unclassified,True,chennai-flooded-streets-Dec2.geojson,80.22044330835342,12.9710122829904
28571974,residential,True,chennai-flooded-streets-Dec2.geojson,80.21995782852173,12.97513939015586
27319913,residential,True,chennai-flooded-streets-Dec2.geojson,80.21865427494049,12.973801158983534
151332456,residential,True,chennai-flooded-streets-Dec2.geojson,80.22353053092957,12.973171246896172
27370274,residential,True,chennai-flooded-streets-Dec2.geojson,80.22627979516983,12.975915665484692
27320194,residential,True,chennai-flooded-streets-Dec2.geojson,80.2125495672226,12.97273213711145
206673810,residential,True,chennai-flooded-streets-Dec2.geojson,80.21836191415787,12.980243944098447
27320134,residential,True,chennai-flooded-streets-Dec2.geojson,80.21672576665878,12.981707596143565
179307157,residential,True,chennai-flooded-streets-Dec2.geojson,80.19967496395111,12.947814001209352
30029292,service,True,chennai-flooded-streets-Dec2.geojson,80.23341447114944,12.990478873115919
27320119,residential,True,chennai-flooded-streets-Dec2.geojson,80.21644681692123,12.973652175770823
27370088,residential,True,chennai-flooded-streets-Dec2.geojson,80.21466851234436,12.982873284284892
27370265,residential,True,chennai-flooded-streets-Dec2.geojson,80.22956550121307,12.976143058808958
132509259,unclassified,True,chennai-flooded-streets-Dec2.geojson,80.22233963012695,12.970805795145893
27319912,residential,True,chennai-flooded-streets-Dec2.geojson,80.2186194062233,12.974177537228627
27370266,residential,True,chennai-flooded-streets-Dec2.geojson,80.22950112819672,12.976558639174627
27370275,residential,True,chennai-flooded-streets-Dec2.geojson,80.22636830806732,12.976263289677988
27344675,residential,True,chennai-flooded-streets-Dec2.geojson,80.2124959230423,12.972274730261333
27370224,residential,True,chennai-flooded-streets-Dec2.geojson,80.21349370479584,12.974768240825824
244377265,residential,True,chennai-flooded-streets-Dec2.geojson,80.19169270992279,12.965345567048573
189488973,residential,True,chennai-flooded-streets-Dec2.geojson,80.22614300251007,12.908030784898912
189488973,residential,True,chennai-flooded-streets-Dec2.geojson,80.22805541753769,12.904020218178118
206640710,service,True,chennai-flooded-streets-Dec2.geojson,80.2449882030487,12.99162099813249
198142097,residential,True,chennai-flooded-streets-Dec2.geojson,80.21850943565369,12.969404809801063
27319930,tertiary,True,chennai-flooded-streets-Dec2.geojson,80.22233963012695,12.968202465341093
25562107,tertiary,True,chennai-flooded-streets-Dec2.geojson,80.17805099487305,12.97818958936898
208359677,primary,True,chennai-flooded-streets-Dec2.geojson,80.21794885396957,12.968780114165526
209549881,primary,True,chennai-flooded-streets-Dec2.geojson,80.21892249584198,12.970790112517804
209549878,primary,True,chennai-flooded-streets-Dec2.geojson,80.21892249584198,12.970790112517804
198549765,primary_link,True,chennai-flooded-streets-Dec2.geojson,80.21761894226074,12.967230130354551
108328797,primary,True,chennai-flooded-streets-Dec2.geojson,80.21151155233383,12.972609290782898
30598636,primary,True,chennai-flooded-streets-Dec2.geojson,80.2170529961586,12.96618460462426
244466152,primary,True,chennai-flooded-streets-Dec2.geojson,80.21613836288452,12.96402558009008
206634197,residential,True,chennai-flooded-streets-Dec2.geojson,80.21573066711426,12.963667483410944
27344670,residential,True,chennai-flooded-streets-Dec2.geojson,80.21783083677292,12.969352534075796
25562107,tertiary,True,chennai-flooded-streets-Dec2.geojson,80.18095314502716,12.972609290782898
27320194,residential,True,chennai-flooded-streets-Dec2.geojson,80.21301090717316,12.972609290782898
27319924,unclassified,True,chennai-flooded-streets-Dec2.geojson,80.2187991142273,12.970152351470588
27319925,residential,True,chennai-flooded-streets-Dec2.geojson,80.21977812051773,12.970288267896436
27319921,residential,True,chennai-flooded-streets-Dec2.geojson,80.2187642455101,12.970845001711837
28571970,residential,True,chennai-flooded-streets-Dec2.geojson,80.21803468465805,12.971354686506658
108148363,residential,True,chennai-flooded-streets-Dec2.geojson,80.21903783082962,12.972227682651905
108148361,residential,True,chennai-flooded-streets-Dec2.geojson,80.21936506032944,12.972115291104444
108148362,residential,True,chennai-flooded-streets-Dec2.geojson,80.21917462348938,12.972201545087259
27319922,residential,True,chennai-flooded-streets-Dec2.geojson,80.21799445152283,12.970996600375301
28571969,residential,True,chennai-flooded-streets-Dec2.geojson,80.21760821342468,12.971835618893834
30598646,residential,True,chennai-flooded-streets-Dec2.geojson,80.21702617406845,12.971142971410998
28571976,residential,True,chennai-flooded-streets-Dec2.geojson,80.21710932254791,12.972298254062721
28571971,residential,True,chennai-flooded-streets-Dec2.geojson,80.21818488836288,12.9726720208306
30598646,residential,True,chennai-flooded-streets-Dec2.geojson,80.2171066403389,12.972274730261333
30598645,residential,True,chennai-flooded-streets-Dec2.geojson,80.21720051765442,12.97319477061275
209549882,primary,False,chennai-flooded-streets-Dec2.geojson,80.21902710199356,12.97127627352927
27319920,residential,False,chennai-flooded-streets-Dec2.geojson,80.21810442209244,12.972274730261333
27319920,residential,True,chennai-flooded-streets-Dec2.geojson,80.2180802822113,12.971801640005708
30604287,residential,True,chennai-flooded-streets-Dec2.geojson,80.22228062152863,12.972259047725842
178647163,residential,True,chennai-flooded-streets-Dec2.geojson,80.22002220153809,12.973767180363936
28571973,residential,True,chennai-flooded-streets-Dec2.geojson,80.2195394039154,12.973884798642771
30604287,residential,False,chennai-flooded-streets-Dec2.geojson,80.22228062152863,12.972259047725842
27319928,residential,True,chennai-flooded-streets-Dec2.geojson,80.22233963012695,12.971153426481663
27319926,residential,True,chennai-flooded-streets-Dec2.geojson,80.22053986787796,12.97165788311996
27319916,residential,True,chennai-flooded-streets-Dec2.geojson,80.21705031394958,12.97187743905748
132509266,unclassified,True,chennai-flooded-streets-Dec2.geojson,80.2211594581604,12.972073470980803
28571972,residential,True,chennai-flooded-streets-Dec2.geojson,80.21898955106735,12.9737959315039
27355171,residential,True,chennai-flooded-streets-Dec2.geojson,80.22233963012695,12.97257008449506
232405500,residential,True,chennai-flooded-streets-Dec2.geojson,80.22187024354935,12.974629713117025
30604296,unclassified,True,chennai-flooded-streets-Dec2.geojson,80.2219507098198,12.975751001223514
30604298,unclassified,True,chennai-flooded-streets-Dec2.geojson,80.22199630737305,12.975751001223514
30604294,unclassified,True,chennai-flooded-streets-Dec2.geojson,80.22199630737305,12.974959043015389
30609125,unclassified,True,chennai-flooded-streets-Dec2.geojson,80.22199630737305,12.975290986201742
30604299,unclassified,True,chennai-flooded-streets-Dec2.geojson,80.22229135036469,12.975732705187767
30604290,unclassified,True,chennai-flooded-streets-Dec2.geojson,80.22367000579834,12.97617442338911
27355157,residential,True,chennai-flooded-streets-Dec2.geojson,80.22245228290558,12.975063592098266
30604293,residential,True,chennai-flooded-streets-Dec2.geojson,80.22261589765549,12.974825742870976
30604291,unclassified,True,chennai-flooded-streets-Dec2.geojson,80.22318720817566,12.97489108608795
213364679,residential,True,chennai-flooded-streets-Dec2.geojson,80.22199630737305,12.97278702587694
213364679,residential,True,chennai-flooded-streets-Dec2.geojson,80.22121578454971,12.972807935879658
30604288,unclassified,True,chennai-flooded-streets-Dec2.geojson,80.21993905305862,12.973356822822126
132509251,unclassified,True,chennai-flooded-streets-Dec2.geojson,80.22298872470856,12.972611904535214
132509247,unclassified,True,chennai-flooded-streets-Dec2.geojson,80.22296726703644,12.972266888993701
132509264,unclassified,True,chennai-flooded-streets-Dec2.geojson,80.2229431271553,12.971872211537416
132509262,residential,True,chennai-flooded-streets-Dec2.geojson,80.2227446436882,12.971843460175066
132509266,unclassified,False,chennai-flooded-streets-Dec2.geojson,80.22199630737305,12.971451395811371
27319928,residential,True,chennai-flooded-streets-Dec2.geojson,80.22254079580307,12.971359914037592
165273142,residential,True,chennai-flooded-streets-Dec2.geojson,80.22253006696701,12.971124675036236
132509259,unclassified,True,chennai-flooded-streets-Dec2.geojson,80.22353053092957,12.97092341482518
188010447,residential,True,chennai-flooded-streets-Dec2.geojson,80.22302359342575,12.971880052817468
132509267,unclassified,True,chennai-flooded-streets-Dec2.geojson,80.22350907325745,12.972609290782898
132509256,unclassified,True,chennai-flooded-streets-Dec2.geojson,80.22349834442139,12.971446168282355
27319927,residential,True,chennai-flooded-streets-Dec2.geojson,80.22560387849808,12.971132516339864
132509252,unclassified,True,chennai-flooded-streets-Dec2.geojson,80.22350370883942,12.972358370433923
151332578,residential,True,chennai-flooded-streets-Dec2.geojson,80.22351175546646,12.97277918462548
132509267,unclassified,True,chennai-flooded-streets-Dec2.geojson,80.22507548332214,12.974198447114432
151332455,residential,True,chennai-flooded-streets-Dec2.geojson,80.22350370883942,12.97355023983701
30609123,unclassified,True,chennai-flooded-streets-Dec2.geojson,80.22488504648209,12.976982059964868
30609123,unclassified,True,chennai-flooded-streets-Dec2.geojson,80.22529274225235,12.972609290782898
30604286,residential,True,chennai-flooded-streets-Dec2.geojson,80.22199630737305,12.96976551200595
132509243,residential,True,chennai-flooded-streets-Dec2.geojson,80.22199630737305,12.970222923470203
132509260,unclassified,True,chennai-flooded-streets-Dec2.geojson,80.22296726703644,12.96926889289253
30604286,residential,False,chennai-flooded-streets-Dec2.geojson,80.22044599056244,12.97011314479549
132509258,residential,True,chennai-flooded-streets-Dec2.geojson,80.22044330835342,12.969715850139224
206807734,unclassified,True,chennai-flooded-streets-Dec2.geojson,80.22552341222763,12.971987216953579
151332203,road,True,chennai-flooded-streets-Dec2.geojson,80.2274090051651,12.972664179575503
151247564,residential,True,chennai-flooded-streets-Dec2.geojson,80.22714883089066,12.975317123441684
151332581,residential,True,chennai-flooded-streets-Dec2.geojson,80.22561192512512,12.972828845880628
151332580,residential,True,chennai-flooded-streets-Dec2.geojson,80.2266526222229,12.973782862804327
27370255,residential,True,chennai-flooded-streets-Dec2.geojson,80.22755652666092,12.972747819617112
132509263,unclassified,True,chennai-flooded-streets-Dec2.geojson,80.22507548332214,12.974198447114432
27370256,residential,True,chennai-flooded-streets-Dec2.geojson,80.2283638715744,12.972593608268525
206807742,unclassified,True,chennai-flooded-streets-Dec2.geojson,80.2280929684639,12.97375149792255
27370258,residential,True,chennai-flooded-streets-Dec2.geojson,80.22841215133667,12.97434220253173
164933723,unclassified,True,chennai-flooded-streets-Dec2.geojson,80.22876352071762,12.974180150964457
27370262,residential,True,chennai-flooded-streets-Dec2.geojson,80.22873938083649,12.974742103528186
132509244,unclassified,True,chennai-flooded-streets-Dec2.geojson,80.22799909114838,12.974323906392328
27370284,residential,True,chennai-flooded-streets-Dec2.geojson,80.22961378097534,12.975779752134102
30609128,unclassified,True,chennai-flooded-streets-Dec2.geojson,80.22974252700806,12.974603575804835
98639507,unclassified,True,chennai-flooded-streets-Dec2.geojson,80.2329558134079,12.977034334086483
30609131,unclassified,True,chennai-flooded-streets-Dec2.geojson,80.22931337356567,12.97753616509489
98639512,residential,True,chennai-flooded-streets-Dec2.geojson,80.22931069135666,12.980568039222803
98639478,unclassified,True,chennai-flooded-streets-Dec2.geojson,80.22930264472961,12.977238203055819
30609127,unclassified,True,chennai-flooded-streets-Dec2.geojson,80.22887349128723,12.976809555285513
27370270,residential,True,chennai-flooded-streets-Dec2.geojson,80.2288681268692,12.977664236387952
151247562,residential,True,chennai-flooded-streets-Dec2.geojson,80.22626906633377,12.977222520833337
30609121,unclassified,True,chennai-flooded-streets-Dec2.geojson,80.22769331932068,12.977716510366136
151247563,residential,True,chennai-flooded-streets-Dec2.geojson,80.22689402103424,12.978035381395117
27370286,residential,True,chennai-flooded-streets-Dec2.geojson,80.22309601306915,12.976778190785495
27370313,residential,True,chennai-flooded-streets-Dec2.geojson,80.22566556930542,12.977954356828164
30609122,unclassified,True,chennai-flooded-streets-Dec2.geojson,80.22540271282196,12.976976832552097
232405496,residential,True,chennai-flooded-streets-Dec2.geojson,80.22469460964203,12.97802231291837
206807730,residential,True,chennai-flooded-streets-Dec2.geojson,80.22499769926071,12.977473436274238
206807739,residential,True,chennai-flooded-streets-Dec2.geojson,80.22496819496155,12.976286813102078
206807736,residential,True,chennai-flooded-streets-Dec2.geojson,80.22502988576889,12.975494856600491
27370293,residential,True,chennai-flooded-streets-Dec2.geojson,80.22461414337158,12.975147231332912
27370292,residential,True,chennai-flooded-streets-Dec2.geojson,80.22426545619965,12.975829412790048
27370299,residential,True,chennai-flooded-streets-Dec2.geojson,80.22381752729416,12.975170754862603
27370287,residential,True,chennai-flooded-streets-Dec2.geojson,80.2225649356842,12.97672853031905
30604300,unclassified,True,chennai-flooded-streets-Dec2.geojson,80.22232085466385,12.976503751241609
27370252,residential,True,chennai-flooded-streets-Dec2.geojson,80.22340446710587,12.974386636007537
206807741,residential,True,chennai-flooded-streets-Dec2.geojson,80.22340714931488,12.974742103528186
151244187,unclassified,True,chennai-flooded-streets-Dec2.geojson,80.23049086332321,12.97756752949931
30609140,unclassified,True,chennai-flooded-streets-Dec2.geojson,80.23117750883102,12.977614576098475
365059622,unclassified,True,chennai-flooded-streets-Dec2.geojson,80.23031651973724,12.979224609904364
30609130,unclassified,True,chennai-flooded-streets-Dec2.geojson,80.22932410240173,12.976935013245992
30609134,unclassified,True,chennai-flooded-streets-Dec2.geojson,80.23310333490372,12.978654826405418
30609161,unclassified,True,chennai-flooded-streets-Dec2.geojson,80.2331194281578,12.979005060453915
30609164,unclassified,True,chennai-flooded-streets-Dec2.geojson,80.23327767848969,12.98022826206558
27369022,tertiary,True,chennai-flooded-streets-Dec2.geojson,80.23298263549805,12.973686154406138
30609162,unclassified,True,chennai-flooded-streets-Dec2.geojson,80.23325622081757,12.980696108953836
30609137,unclassified,True,chennai-flooded-streets-Dec2.geojson,80.23212164640427,12.978926649888919
30609138,unclassified,True,chennai-flooded-streets-Dec2.geojson,80.2321270108223,12.978594711556454
30609136,unclassified,True,chennai-flooded-streets-Dec2.geojson,80.23213237524033,12.979224609904364
365059623,unclassified,True,chennai-flooded-streets-Dec2.geojson,80.2298042178154,12.97922983726987
206835308,residential,True,chennai-flooded-streets-Dec2.geojson,80.23181855678558,12.974506867725808
27368991,unclassified,True,chennai-flooded-streets-Dec2.geojson,80.231893658638,12.9742951553134
27369022,tertiary,True,chennai-flooded-streets-Dec2.geojson,80.23106753826141,12.972274730261333
98639488,construction,True,chennai-flooded-streets-Dec2.geojson,80.23298263549805,12.976545570620246
331901998,primary,True,chennai-flooded-streets-Dec2.geojson,80.22154301404953,12.967219675118983
131425304,unclassified,True,chennai-flooded-streets-Dec2.geojson,80.2163153886795,12.964103995352517
206634196,unclassified,True,chennai-flooded-streets-Dec2.geojson,80.21739095449448,12.964378448576497
131425305,service,True,chennai-flooded-streets-Dec2.geojson,80.21954476833344,12.964307874919228
206673883,residential,True,chennai-flooded-streets-Dec2.geojson,80.21927118301392,12.978116405935694
27320167,residential,True,chennai-flooded-streets-Dec2.geojson,80.21863013505936,12.97672330290095
163421079,residential,True,chennai-flooded-streets-Dec2.geojson,80.21964132785797,12.977251271573806
163421427,living_street,True,chennai-flooded-streets-Dec2.geojson,80.21904587745667,12.976312950237343
163421112,living_street,True,chennai-flooded-streets-Dec2.geojson,80.21905392408371,12.976778190785495
27370171,residential,True,chennai-flooded-streets-Dec2.geojson,80.2191236615181,12.97788640071937
213364209,residential,True,chennai-flooded-streets-Dec2.geojson,80.21816611289978,12.977878559628707
318725684,residential,True,chennai-flooded-streets-Dec2.geojson,80.21812051534653,12.978717554927997
27370236,residential,True,chennai-flooded-streets-Dec2.geojson,80.21862208843231,12.979833597246056
27370187,residential,True,chennai-flooded-streets-Dec2.geojson,80.2181527018547,12.977387184120005
206673812,residential,True,chennai-flooded-streets-Dec2.geojson,80.21703690290451,12.976537729487276
206673866,residential,True,chennai-flooded-streets-Dec2.geojson,80.21707713603973,12.976163968529491
206673893,residential,True,chennai-flooded-streets-Dec2.geojson,80.21630197763443,12.976187491962989
206673808,residential,True,chennai-flooded-streets-Dec2.geojson,80.21632343530655,12.976085557068444
27370327,residential,True,chennai-flooded-streets-Dec2.geojson,80.21568238735199,12.975638611268351
27320149,residential,True,chennai-flooded-streets-Dec2.geojson,80.21625101566315,12.976495910107346
213364181,residential,True,chennai-flooded-streets-Dec2.geojson,80.21625369787216,12.976608299674993
206673891,residential,True,chennai-flooded-streets-Dec2.geojson,80.21698862314224,12.977063084848695
206673799,residential,True,chennai-flooded-streets-Dec2.geojson,80.21696448326111,12.977230361944706
206673853,residential,True,chennai-flooded-streets-Dec2.geojson,80.21690547466278,12.977546619896827
232405626,residential,True,chennai-flooded-streets-Dec2.geojson,80.21692156791687,12.977447299260973
318725677,residential,True,chennai-flooded-streets-Dec2.geojson,80.21758943796158,12.978270613859308
206658381,residential,True,chennai-flooded-streets-Dec2.geojson,80.21707981824875,12.978597325245829
318725683,residential,True,chennai-flooded-streets-Dec2.geojson,80.21774232387543,12.979438931799905
318725679,residential,True,chennai-flooded-streets-Dec2.geojson,80.21761894226074,12.979073016256919
27320162,residential,True,chennai-flooded-streets-Dec2.geojson,80.21600157022476,12.970144510136052
213364202,unclassified,True,chennai-flooded-streets-Dec2.geojson,80.2150011062622,12.969872677053019
30598640,unclassified,True,chennai-flooded-streets-Dec2.geojson,80.2147650718689,12.970371908736965
27344671,residential,True,chennai-flooded-streets-Dec2.geojson,80.21364390850067,12.972609290782898
27320189,residential,True,chennai-flooded-streets-Dec2.geojson,80.21357417106628,12.972039492125162
27320171,residential,True,chennai-flooded-streets-Dec2.geojson,80.2136304974556,12.972465534363934
30598642,unclassified,True,chennai-flooded-streets-Dec2.geojson,80.21479457616806,12.971963693122788
28571977,residential,True,chennai-flooded-streets-Dec2.geojson,80.21504133939743,12.972794867128172
30598644,residential,True,chennai-flooded-streets-Dec2.geojson,80.21641731262207,12.972653724568332
27344668,residential,True,chennai-flooded-streets-Dec2.geojson,80.21363317966461,12.973362050310982
27320160,residential,True,chennai-flooded-streets-Dec2.geojson,80.21636366844177,12.975633383827315
27320162,residential,True,chennai-flooded-streets-Dec2.geojson,80.21636635065079,12.972274730261333
28571968,residential,True,chennai-flooded-streets-Dec2.geojson,80.21643877029419,12.973019649558111
27320197,residential,True,chennai-flooded-streets-Dec2.geojson,80.2170717716217,12.971966306881868
27320196,residential,True,chennai-flooded-streets-Dec2.geojson,80.21702349185944,12.971430485694611
30598648,residential,True,chennai-flooded-streets-Dec2.geojson,80.21718978881836,12.97355808106417
27320155,residential,True,chennai-flooded-streets-Dec2.geojson,80.21643072366714,12.974760399636835
27320153,residential,True,chennai-flooded-streets-Dec2.geojson,80.21517008543015,12.974253335556298
27370215,residential,True,chennai-flooded-streets-Dec2.geojson,80.21428495645523,12.975761456100486
206658389,residential,True,chennai-flooded-streets-Dec2.geojson,80.21425276994705,12.976043737612443
27344666,residential,True,chennai-flooded-streets-Dec2.geojson,80.21376729011536,12.97598884956578
206658385,residential,True,chennai-flooded-streets-Dec2.geojson,80.2141347527504,12.976412271326325
206673851,residential,True,chennai-flooded-streets-Dec2.geojson,80.2143144607544,12.977089221902375
27370180,residential,True,chennai-flooded-streets-Dec2.geojson,80.21426618099213,12.977690373378422
27320148,residential,True,chennai-flooded-streets-Dec2.geojson,80.21434128284454,12.976548184331179
27320151,residential,True,chennai-flooded-streets-Dec2.geojson,80.2155750989914,12.977408093735889
206673825,residential,True,chennai-flooded-streets-Dec2.geojson,80.21535515785217,12.976801714160871
27370175,residential,True,chennai-flooded-streets-Dec2.geojson,80.21516740322113,12.978064132041581
27319910,residential,True,chennai-flooded-streets-Dec2.geojson,80.2153605222702,12.9764436358725
318725682,residential,True,chennai-flooded-streets-Dec2.geojson,80.21422863006592,12.978359479398932
206673815,residential,True,chennai-flooded-streets-Dec2.geojson,80.21690279245377,12.977852422658017
27320146,residential,True,chennai-flooded-streets-Dec2.geojson,80.21682500839233,12.979587911545252
318725685,residential,True,chennai-flooded-streets-Dec2.geojson,80.21688938140869,12.980006099827037
27344667,residential,True,chennai-flooded-streets-Dec2.geojson,80.2130913734436,12.973620810872546
206673850,residential,True,chennai-flooded-streets-Dec2.geojson,80.21432787179947,12.976937626952832
28571975,residential,True,chennai-flooded-streets-Dec2.geojson,80.21717637777328,12.972551788225289
30604306,residential,True,chennai-flooded-streets-Dec2.geojson,80.21796226501465,12.981430548382065
27320133,residential,True,chennai-flooded-streets-Dec2.geojson,80.21663188934326,12.983045784756186
318725678,residential,True,chennai-flooded-streets-Dec2.geojson,80.21470874547958,12.981407025444696
27320137,residential,True,chennai-flooded-streets-Dec2.geojson,80.2157735824585,12.981490662545227
27344661,residential,True,chennai-flooded-streets-Dec2.geojson,80.21187096834183,12.981310320012113
26551307,tertiary,True,chennai-flooded-streets-Dec2.geojson,80.21100997924805,12.987347803230264
27343722,residential,True,chennai-flooded-streets-Dec2.geojson,80.21486163139343,12.986433042475511
27343721,residential,True,chennai-flooded-streets-Dec2.geojson,80.21788984537125,12.985622822994273
27343720,residential,True,chennai-flooded-streets-Dec2.geojson,80.21654605865479,12.985693390602506
30604308,residential,True,chennai-flooded-streets-Dec2.geojson,80.21641731262207,12.985277825509897
30604307,residential,True,chennai-flooded-streets-Dec2.geojson,80.21461218595505,12.986835537622568
232405628,residential,True,chennai-flooded-streets-Dec2.geojson,80.21549195051193,12.986399065582603
27370156,residential,True,chennai-flooded-streets-Dec2.geojson,80.2145504951477,12.985087031240852
27343719,residential,True,chennai-flooded-streets-Dec2.geojson,80.21624833345413,12.984765555634226
27320139,residential,True,chennai-flooded-streets-Dec2.geojson,80.21654069423676,12.984376125277237
27320131,residential,True,chennai-flooded-streets-Dec2.geojson,80.2178630232811,12.984459761378531
206673870,residential,True,chennai-flooded-streets-Dec2.geojson,80.21655678749084,12.984159194008328
27320142,residential,True,chennai-flooded-streets-Dec2.geojson,80.2135768532753,12.983667830915792
27319935,residential,True,chennai-flooded-streets-Dec2.geojson,80.21663188934326,12.983045784756186
27370092,residential,True,chennai-flooded-streets-Dec2.geojson,80.21357148885727,12.983955330715517
299498142,residential,True,chennai-flooded-streets-Dec2.geojson,80.21362245082855,12.982980443682663
27370091,residential,True,chennai-flooded-streets-Dec2.geojson,80.2147302031517,12.984065103278581
27320095,residential,True,chennai-flooded-streets-Dec2.geojson,80.21315574645996,12.984483284026936
27354129,unclassified,True,chennai-flooded-streets-Dec2.geojson,80.21323889493942,12.982922943523747
27274248,unclassified,True,chennai-flooded-streets-Dec2.geojson,80.21462291479111,12.989274017005215
27319933,residential,True,chennai-flooded-streets-Dec2.geojson,80.212621986866,12.983265330637394
27343706,residential,True,chennai-flooded-streets-Dec2.geojson,80.21431177854538,12.986655198968492
27371077,residential,True,chennai-flooded-streets-Dec2.geojson,80.21100997924805,12.986153386372507
27343715,residential,True,chennai-flooded-streets-Dec2.geojson,80.21416693925858,12.98615861359228
27343713,residential,True,chennai-flooded-streets-Dec2.geojson,80.21401137113571,12.985296120843074
27343711,residential,True,chennai-flooded-streets-Dec2.geojson,80.21409720182419,12.984911918563611
206673827,residential,True,chennai-flooded-streets-Dec2.geojson,80.21166175603867,12.984804759998767
27344737,residential,True,chennai-flooded-streets-Dec2.geojson,80.21166980266571,12.984308170924209
27354215,residential,True,chennai-flooded-streets-Dec2.geojson,80.21251201629639,12.983921353483794
30596539,residential,True,chennai-flooded-streets-Dec2.geojson,80.2123510837555,12.982980443682663
27344740,residential,True,chennai-flooded-streets-Dec2.geojson,80.21165639162064,12.984451920495218
27343708,residential,True,chennai-flooded-streets-Dec2.geojson,80.21100997924805,12.985246462078479
27354150,residential,True,chennai-flooded-streets-Dec2.geojson,80.21088659763336,12.98468453326123
27320349,residential,True,chennai-flooded-streets-Dec2.geojson,80.21100997924805,12.986945308913135
30606818,unclassified,True,chennai-flooded-streets-Dec2.geojson,80.21040380001068,12.986618608500947
27371077,residential,True,chennai-flooded-streets-Dec2.geojson,80.21037697792053,12.986187363299038
27274195,unclassified,True,chennai-flooded-streets-Dec2.geojson,80.2104601264,12.987397461574844
27343709,residential,False,chennai-flooded-streets-Dec2.geojson,80.21100997924805,12.985693390602506
27354163,residential,True,chennai-flooded-streets-Dec2.geojson,80.21135866641998,12.983568512725867
27354311,residential,True,chennai-flooded-streets-Dec2.geojson,80.21429568529129,12.98615861359228
27344738,residential,True,chennai-flooded-streets-Dec2.geojson,80.21135330200195,12.984679306010477
27369022,tertiary,True,chennai-flooded-streets-Dec2.geojson,80.23106753826141,12.972274730261347
209549882,primary,False,chennai-flooded-streets-Dec2.geojson,80.21942675113678,12.972274730261347
22688386,primary,True,chennai-flooded-streets-Dec2.geojson,80.21797835826874,12.98331498979789
30604309,primary,False,chennai-flooded-streets-Dec2.geojson,80.2196654677391,12.972609290782913
98639507,unclassified,False,chennai-flooded-streets-Dec2.geojson,80.2329558134079,12.977034334086497
27355136,residential,True,chennai-flooded-streets-Dec2.geojson,80.22177636623383,12.982240781532425
27344641,unclassified,True,chennai-flooded-streets-Dec2.geojson,80.20315915346146,12.996165924128334
132065377,living_street,True,chennai-flooded-streets-Dec2.geojson,80.24373292922974,12.97746036776796
23762120,secondary,True,chennai-flooded-streets-Dec2.geojson,80.24431228637695,12.974075601510151
132192378,unclassified,True,chennai-flooded-streets-Dec2.geojson,80.20751506090164,12.969872677053019
132065361,unclassified,True,chennai-flooded-streets-Dec2.geojson,80.24396896362305,12.977486504779861
30598635,secondary,False,chennai-flooded-streets-Dec2.geojson,80.20002365112305,12.965065887228064
132509254,footway,True,chennai-flooded-streets-Dec2.geojson,80.23166298866272,12.976093398215667
321715860,residential,True,chennai-flooded-streets-Dec2.geojson,80.2081024646759,12.976383520488866
26528685,secondary,True,chennai-flooded-streets-Dec2.geojson,80.21205067634583,13.003755425279167
205781313,primary,True,chennai-flooded-streets-Dec2.geojson,80.21650046110153,12.99724791265048
205781312,primary,True,chennai-flooded-streets-Dec2.geojson,80.21650582551956,12.997198256275652
194607074,residential,True,chennai-flooded-streets-Dec2.geojson,80.1835173368454,12.94834203120395
179259795,primary,True,chennai-flooded-streets-Dec2.geojson,80.20786911249161,12.94314794496421
27342751,living_street,True,chennai-flooded-streets-Dec2.geojson,80.20876497030258,12.988738233126355
232404814,track,True,chennai-flooded-streets-Dec2.geojson,80.22860795259476,12.953867980945873
192882380,residential,True,chennai-flooded-streets-Dec2.geojson,80.20846456289291,12.941430500592077
208812520,residential,True,chennai-flooded-streets-Dec2.geojson,80.22911220788956,12.932458818087355
232404814,track,True,chennai-flooded-streets-Dec2.geojson,80.22860795259476,12.953867980945873
232405627,residential,True,chennai-flooded-streets-Dec2.geojson,80.21955013275146,12.98166577763331
27320135,residential,True,chennai-flooded-streets-Dec2.geojson,80.22102802991867,12.981077704087781
182319248,unclassified,True,chennai-flooded-streets-Dec2.geojson,80.18747627735138,12.985403279195992
27769330,trunk,True,chennai-flooded-streets-Dec2.geojson,80.18903732299805,12.995954230170227
27630361,residential,True,chennai-flooded-streets-Dec2.geojson,80.23956209421158,12.979269042507653
335531987,road,True,chennai-flooded-streets-Dec2.geojson,80.22377997636795,12.983822035395193
206653779,residential,True,chennai-flooded-streets-Dec2.geojson,80.20447611808777,12.977580597999975
27442635,residential,True,chennai-flooded-streets-Dec2.geojson,80.20884275436401,12.964096153827398
30604309,primary,True,chennai-flooded-streets-Dec2.geojson,80.22079467773438,12.975403376314034
206807733,residential,True,chennai-flooded-streets-Dec2.geojson,80.22349834442139,12.978137315490272
27480309,secondary,True,chennai-flooded-streets-Dec2.geojson,80.22201240062714,12.982980443682663
331635350,primary,True,chennai-flooded-streets-Dec2.geojson,80.23224771022797,12.98197418898097
25689918,primary,True,chennai-flooded-streets-Dec2.geojson,80.22199630737305,12.976490682684357
34642638,tertiary,True,chennai-flooded-streets-Dec2.geojson,80.19989758729935,12.907701366589293
132509255,unclassified,True,chennai-flooded-streets-Dec2.geojson,80.22884398698807,12.978380388933076
151245881,track,True,chennai-flooded-streets-Dec2.geojson,80.22983103990555,12.978623462138202
151247559,unclassified,True,chennai-flooded-streets-Dec2.geojson,80.22771745920181,12.978422207996047
132509246,unclassified,True,chennai-flooded-streets-Dec2.geojson,80.22783547639847,12.978422207996047
27319415,residential,True,chennai-flooded-streets-Dec2.geojson,80.21140694618225,12.965152143654834
30598646,residential,True,chennai-flooded-streets-Dec2.geojson,80.2171066403389,12.972274730261347
30610631,residential,True,chennai-flooded-streets-Dec2.geojson,80.21030992269516,12.983764535431021
27354144,unclassified,True,chennai-flooded-streets-Dec2.geojson,80.21043330430984,12.983790671780028
30610632,unclassified,True,chennai-flooded-streets-Dec2.geojson,80.21031528711319,12.982980443682663
27274192,residential,True,chennai-flooded-streets-Dec2.geojson,80.2094355225563,12.983014421043038
27319879,residential,True,chennai-flooded-streets-Dec2.geojson,80.21052449941635,12.97690364876182
0,residential,True,chennai-flooded-streets-Dec2.geojson,80.21052181720734,12.976906262468987
82874909,unclassified,True,chennai-flooded-streets-Dec2.geojson,80.21050304174423,12.935310865197778
183718610,living_street,True,chennai-flooded-streets-Dec2.geojson,80.20016312599182,12.936908101902475
312880570,tertiary,True,chennai-flooded-streets-Dec2.geojson,80.19870400428772,12.946305711349922
179255126,residential,True,chennai-flooded-streets-Dec2.geojson,80.1988434791565,12.9471317429755
198549091,primary,True,chennai-flooded-streets-Dec2.geojson,80.18516957759857,12.949068724119499
102580565,service,True,chennai-flooded-streets-Dec2.geojson,80.25025337934494,12.991921556474367
102559068,secondary,True,chennai-flooded-streets-Dec2.geojson,80.1860573887825,12.951196510612718
194607042,unclassified,True,chennai-flooded-streets-Dec2.geojson,80.18124014139175,12.949677785254451
194607075,residential,True,chennai-flooded-streets-Dec2.geojson,80.18275558948517,12.947199707481019
194607043,unclassified,True,chennai-flooded-streets-Dec2.geojson,80.18108189105988,12.947050708348527
179253391,secondary,True,chennai-flooded-streets-Dec2.geojson,80.18527954816818,12.949058268121362
194607076,residential,True,chennai-flooded-streets-Dec2.geojson,80.18362998962402,12.947301654204566
322022662,residential,True,chennai-flooded-streets-Dec2.geojson,80.1829245686531,12.945824729648564
322022672,residential,True,chennai-flooded-streets-Dec2.geojson,80.18321961164474,12.945793361244498
194663031,residential,True,chennai-flooded-streets-Dec2.geojson,80.19609689712524,12.921034617952998
179259795,primary,True,chennai-flooded-streets-Dec2.geojson,80.20036697387695,12.928430344033657
32545042,primary,True,chennai-flooded-streets-Dec2.geojson,80.22036015987396,13.004725003918068
132191984,secondary,True,chennai-flooded-streets-Dec2.geojson,80.24472266435623,12.972609290782898
27355030,residential,True,chennai-flooded-streets-Dec2.geojson,80.22630125284195,12.983866467176583
194606230,residential,True,chennai-flooded-streets-Dec2.geojson,80.19206821918488,12.921319575754836
184429559,primary_link,True,chennai-flooded-streets-Dec2.geojson,80.2404472231865,12.949115776105742
84106340,primary,True,chennai-flooded-streets-Dec2.geojson,80.23298263549805,12.95013784761403
184429525,primary,True,chennai-flooded-streets-Dec2.geojson,80.24065107107162,12.94893279610939
184429525,primary,True,chennai-flooded-streets-Dec2.geojson,80.23332595825195,12.950025446093235
198549092,primary,True,chennai-flooded-streets-Dec2.geojson,80.20002365112305,12.94861650179881
132509243,residential,True,chennai-flooded-streets-Dec2.geojson,80.22031724452972,12.970097462123718
183403182,living_street,True,chennai-flooded-streets-Dec2.geojson,80.20640194416046,12.941846138899649
219390036,residential,True,chennai-flooded-streets-Dec2.geojson,80.2048972249031,12.94524702757387
28124082,unclassified,True,chennai-flooded-streets-Dec2.geojson,80.20437151193619,12.941976842626758
179259799,primary,True,chennai-flooded-streets-Dec2.geojson,80.20561873912811,12.940154826491408
179259179,primary,True,chennai-flooded-streets-Dec2.geojson,80.20872205495834,12.945179062535885
331635350,primary,True,chennai-flooded-streets-Dec2.geojson,80.22233963012695,12.976592617412791
244466156,primary_link,True,chennai-flooded-streets-Dec2.geojson,80.2101382613182,12.948402153360107
183402744,unclassified,True,chennai-flooded-streets-Dec2.geojson,80.2076867222786,12.943087821540658
183403067,living_street,True,chennai-flooded-streets-Dec2.geojson,80.20415425300598,12.944384393024322
183403202,residential,True,chennai-flooded-streets-Dec2.geojson,80.20616859197617,12.942528411600463
183403163,residential,True,chennai-flooded-streets-Dec2.geojson,80.20400136709213,12.945098027274042
179259180,primary,True,chennai-flooded-streets-Dec2.geojson,80.20783692598343,12.943215910555963
219390037,living_street,True,chennai-flooded-streets-Dec2.geojson,80.20625442266464,12.942460445821268
82881750,primary,True,chennai-flooded-streets-Dec2.geojson,80.20867109298706,12.945275782007442
82881748,primary,True,chennai-flooded-streets-Dec2.geojson,80.2104440331459,12.949398087836556
82881743,primary_link,True,chennai-flooded-streets-Dec2.geojson,80.20876228809357,12.945482291023808
204242711,primary,True,chennai-flooded-streets-Dec2.geojson,80.21973520517349,12.991364869867098
32545042,primary,True,chennai-flooded-streets-Dec2.geojson,80.2178630232811,12.994020227627558
27320194,residential,True,chennai-flooded-streets-Dec2.geojson,80.21301090717316,12.972609290782898
27320194,residential,True,chennai-flooded-streets-Dec2.geojson,80.21301090717316,12.972609290782898
27369900,unclassified,True,chennai-flooded-streets-Dec2.geojson,80.17913460731506,12.986142931932662
232405499,residential,True,chennai-flooded-streets-Dec2.geojson,80.21007925271988,12.976851374612693
27480309,secondary,True,chennai-flooded-streets-Dec2.geojson,80.22201240062714,12.982980443682678
194606235,unclassified,True,chennai-flooded-streets-Dec2.geojson,80.19237399101257,12.918739257930739
30029201,service,True,chennai-flooded-streets-Dec2.geojson,80.23161202669144,12.991963373258343
27319964,residential,True,chennai-flooded-streets-Dec2.geojson,80.20905464887619,12.984289875518286
25116982,secondary,True,chennai-flooded-streets-Dec2.geojson,80.22788643836975,12.90090897805085
30597384,tertiary,True,chennai-flooded-streets-Dec2.geojson,80.20548462867737,12.98780518234453
118268014,unclassified,True,chennai-flooded-streets-Dec2.geojson,80.19712686538696,12.92176400470504
34642638,tertiary,False,chennai-flooded-streets-Dec2.geojson,80.19989758729935,12.907701366589293
27354110,residential,True,chennai-flooded-streets-Dec2.geojson,80.21103948354721,12.982115326249726
27354246,residential,True,chennai-flooded-streets-Dec2.geojson,80.21007925271988,12.981038499135266
25689673,secondary,True,chennai-flooded-streets-Dec2.geojson,80.20067006349564,13.00252972610545
27480309,secondary,True,chennai-flooded-streets-Dec2.geojson,80.22131502628326,12.975970553547512
206642431,residential,True,chennai-flooded-streets-Dec2.geojson,80.21210968494415,12.971459237104696
132509261,residential,True,chennai-flooded-streets-Dec2.geojson,80.22429764270782,12.976522047220627
206838157,residential,True,chennai-flooded-streets-Dec2.geojson,80.23976862430573,12.964318330277138
206838162,residential,True,chennai-flooded-streets-Dec2.geojson,80.24044990539551,12.964744385737646
184719115,residential,True,chennai-flooded-streets-Dec2.geojson,80.23935824632645,12.963949778646253
184719152,residential,True,chennai-flooded-streets-Dec2.geojson,80.23952186107635,12.96378510646457
184719114,residential,True,chennai-flooded-streets-Dec2.geojson,80.24100512266159,12.963322455466326
27354999,residential,True,chennai-flooded-streets-Dec2.geojson,80.2306866645813,12.983103284886667
213368943,living_street,True,chennai-flooded-streets-Dec2.geojson,80.23697644472122,12.975784979572055
27319930,tertiary,True,chennai-flooded-streets-Dec2.geojson,80.22837996482849,12.972609290782898
27319930,tertiary,True,chennai-flooded-streets-Dec2.geojson,80.22837996482849,12.972609290782898
27319930,tertiary,True,chennai-flooded-streets-Dec2.geojson,80.22837996482849,12.972609290782898
22688386,primary,True,chennai-flooded-streets-Dec2.geojson,80.21958500146866,12.991506001801099
22688386,primary,True,chennai-flooded-streets-Dec2.geojson,80.21958500146866,12.991506001801099
205781579,primary,True,chennai-flooded-streets-Dec2.geojson,80.21777182817459,12.993978411189985
27319965,residential,True,chennai-flooded-streets-Dec2.geojson,80.2086952328682,12.983950103449416
27480309,secondary,True,chennai-flooded-streets-Dec2.geojson,80.22201240062714,12.982980443682663
30029246,unclassified,True,chennai-flooded-streets-Dec2.geojson,80.22240936756134,12.988680734299948
194428736,secondary,True,chennai-flooded-streets-Dec2.geojson,80.20002365112305,12.907693523290902
194428736,secondary,True,chennai-flooded-streets-Dec2.geojson,80.20002365112305,12.907693523290902
30597412,unclassified,True,chennai-flooded-streets-Dec2.geojson,80.20773231983185,12.971717999645918
26551244,unclassified,True,chennai-flooded-streets-Dec2.geojson,80.20786106586456,12.972609290782913
27345518,primary,True,chennai-flooded-streets-Dec2.geojson,80.19555777311325,12.987047239353828
30029312,residential,True,chennai-flooded-streets-Dec2.geojson,80.23329108953476,12.99013910951156
208812481,residential,True,chennai-flooded-streets-Dec2.geojson,80.23083955049515,12.931164798793688
208812498,residential,True,chennai-flooded-streets-Dec2.geojson,80.23025751113892,12.929860315986645
208812492,residential,True,chennai-flooded-streets-Dec2.geojson,80.22909879684448,12.930205390258223
208812487,residential,True,chennai-flooded-streets-Dec2.geojson,80.22909343242645,12.92961458098722
208812483,residential,True,chennai-flooded-streets-Dec2.geojson,80.22983640432358,12.929413287243591
27319983,residential,True,chennai-flooded-streets-Dec2.geojson,80.20443856716156,12.980442583095765
27630105,unclassified,True,chennai-flooded-streets-Dec2.geojson,80.20361244678497,12.952278694806296
27630085,unclassified,True,chennai-flooded-streets-Dec2.geojson,80.20435005426407,12.952872064337313
198549578,residential,True,chennai-flooded-streets-Dec2.geojson,80.18899708986282,12.95350986965795
27630084,unclassified,True,chennai-flooded-streets-Dec2.geojson,80.18903732299805,12.954986748660062
84099138,residential,True,chennai-flooded-streets-Dec2.geojson,80.18977493047714,12.957101415028433
27442597,unclassified,True,chennai-flooded-streets-Dec2.geojson,80.19703030586243,12.961453545788146
29503189,residential,True,chennai-flooded-streets-Dec2.geojson,80.22527396678925,12.982572714995825
30037060,service,True,chennai-flooded-streets-Dec2.geojson,80.2335512638092,12.989995363231316
206658394,residential,True,chennai-flooded-streets-Dec2.geojson,80.21195411682129,12.976511592375644
27630173,residential,True,chennai-flooded-streets-Dec2.geojson,80.18243104219437,12.951745445211444
30029312,residential,False,chennai-flooded-streets-Dec2.geojson,80.23329108953476,12.99013910951156
206632640,unclassified,True,chennai-flooded-streets-Dec2.geojson,80.23416012525558,12.990465805293582
294991978,residential,True,chennai-flooded-streets-Dec2.geojson,80.18943428993225,12.919552309280604
30604309,primary,True,chennai-flooded-streets-Dec2.geojson,80.22079467773438,12.975403376314034
27442577,residential,True,chennai-flooded-streets-Dec2.geojson,80.19699275493622,12.960086488285128
30597421,residential,True,chennai-flooded-streets-Dec2.geojson,80.19932091236115,12.963837383359447
27442667,residential,True,chennai-flooded-streets-Dec2.geojson,80.2077779173851,12.956170859481503
177370780,residential,True,chennai-flooded-streets-Dec2.geojson,80.20717173814774,12.965575583861693
84099120,unclassified,True,chennai-flooded-streets-Dec2.geojson,80.19779741764069,12.961903130936534
84099125,unclassified,True,chennai-flooded-streets-Dec2.geojson,80.20283192396164,12.958246307250619
35573091,unclassified,True,chennai-flooded-streets-Dec2.geojson,80.2427726984024,12.986297134875997
27442649,unclassified,True,chennai-flooded-streets-Dec2.geojson,80.21135330200195,12.960204113030827
27442649,unclassified,True,chennai-flooded-streets-Dec2.geojson,80.21135330200195,12.960204113030827
30597410,unclassified,True,chennai-flooded-streets-Dec2.geojson,80.2088588476181,12.972609290782898
25116982,secondary,True,chennai-flooded-streets-Dec2.geojson,80.22233963012695,12.901170428290442
219391451,residential,True,chennai-flooded-streets-Dec2.geojson,80.20932018756866,12.94288131054067
198549432,residential,True,chennai-flooded-streets-Dec2.geojson,80.18528491258621,12.953475888268102
27442689,unclassified,True,chennai-flooded-streets-Dec2.geojson,80.18412083387375,12.955938220051465
179253496,secondary,True,chennai-flooded-streets-Dec2.geojson,80.18585085868835,12.95086192131167
27630181,residential,True,chennai-flooded-streets-Dec2.geojson,80.18339395523071,12.95086192131167
198549435,tertiary,True,chennai-flooded-streets-Dec2.geojson,80.18689155578613,12.955601023188464
206637732,residential,True,chennai-flooded-streets-Dec2.geojson,80.21474897861481,12.966043458314118
206637732,residential,True,chennai-flooded-streets-Dec2.geojson,80.21474897861481,12.966043458314118
206637732,residential,True,chennai-flooded-streets-Dec2.geojson,80.21474897861481,12.966043458314118
206637732,residential,True,chennai-flooded-streets-Dec2.geojson,80.21474897861481,12.966043458314118
27630130,residential,True,chennai-flooded-streets-Dec2.geojson,80.19889712333679,12.952670789368455
0,residential,True,chennai-flooded-streets-Dec2.geojson,80.1998519897461,12.952210731686108
0,residential,True,chennai-flooded-streets-Dec2.geojson,80.199294090271,12.930649803389898
27273977,unclassified,True,chennai-flooded-streets-Dec2.geojson,80.20099729299545,12.990105133125553
29973073,secondary,True,chennai-flooded-streets-Dec2.geojson,80.20126551389694,12.994020227627558
30605106,unclassified,True,chennai-flooded-streets-Dec2.geojson,80.22313356399536,12.977172860455639
206634201,residential,True,chennai-flooded-streets-Dec2.geojson,80.21464437246323,12.965570356209213
197487061,tertiary,True,chennai-flooded-streets-Dec2.geojson,80.20370095968246,12.933122817301495
179259795,primary,True,chennai-flooded-streets-Dec2.geojson,80.2057957649231,12.940489430165599
28534270,tertiary,True,chennai-flooded-streets-Dec2.geojson,80.1850113272667,12.990604324175436
27320131,residential,True,chennai-flooded-streets-Dec2.geojson,80.21661311388016,12.98331498979789
98639512,residential,False,chennai-flooded-streets-Dec2.geojson,80.22931069135666,12.980568039222803
25553310,unclassified,True,chennai-flooded-streets-Dec2.geojson,80.18938064575195,12.976469772991294
25562559,residential,True,chennai-flooded-streets-Dec2.geojson,80.1867225766182,12.97602282788182
27360640,unclassified,True,chennai-flooded-streets-Dec2.geojson,80.18938064575195,12.976574321438974
331901996,primary,True,chennai-flooded-streets-Dec2.geojson,80.22150009870529,12.967496738712825
206634193,residential,True,chennai-flooded-streets-Dec2.geojson,80.21571189165115,12.964185024431075
30610643,unclassified,True,chennai-flooded-streets-Dec2.geojson,80.21010875701904,12.993685695929742
27370352,residential,True,chennai-flooded-streets-Dec2.geojson,80.19389748573303,12.964412428478397
35457671,unclassified,True,chennai-flooded-streets-Dec2.geojson,80.23494601249695,12.933896609431741
27769330,trunk,True,chennai-flooded-streets-Dec2.geojson,80.18903732299805,12.995954230170227
244377264,residential,True,chennai-flooded-streets-Dec2.geojson,80.1918214559555,12.966025161564346
183979599,living_street,True,chennai-flooded-streets-Dec2.geojson,80.24091392755508,12.97390570855319
27368982,unclassified,True,chennai-flooded-streets-Dec2.geojson,80.2346482872963,12.972274730261333
139357034,service,True,chennai-flooded-streets-Dec2.geojson,80.22670358419418,12.979423249716234
30604301,primary,True,chennai-flooded-streets-Dec2.geojson,80.22073566913605,12.975322350889343
25562377,residential,True,chennai-flooded-streets-Dec2.geojson,80.18636047840118,12.982076121460892
27360673,residential,True,chennai-flooded-streets-Dec2.geojson,80.18643021583557,12.983267944277657
30604310,primary,True,chennai-flooded-streets-Dec2.geojson,80.2401065826416,12.981281569741128
27359756,residential,True,chennai-flooded-streets-Dec2.geojson,80.20367413759232,12.96653747004936
206642425,residential,True,chennai-flooded-streets-Dec2.geojson,80.20760357379913,12.96551285202466
206642422,secondary,True,chennai-flooded-streets-Dec2.geojson,80.21100997924805,12.96468688136224
30609734,unclassified,True,chennai-flooded-streets-Dec2.geojson,80.23793667554855,12.981216228203763
82874901,residential,True,chennai-flooded-streets-Dec2.geojson,80.21135330200195,12.941733733639538
206653792,residential,True,chennai-flooded-streets-Dec2.geojson,80.20120114088058,12.978307205555936
27343771,residential,True,chennai-flooded-streets-Dec2.geojson,80.19898295402527,12.974966884198139
27319967,residential,True,chennai-flooded-streets-Dec2.geojson,80.20865499973297,12.983461353581674
102470560,primary,True,chennai-flooded-streets-Dec2.geojson,80.23582845926285,12.940154826491408
208812523,residential,True,chennai-flooded-streets-Dec2.geojson,80.237657725811,12.937872712896535
27368904,primary,True,chennai-flooded-streets-Dec2.geojson,80.24150669574738,12.951196510612718
27345492,residential,True,chennai-flooded-streets-Dec2.geojson,80.18916875123978,12.990369103386882
154083820,unclassified,True,chennai-flooded-streets-Dec2.geojson,80.23479849100113,12.950103865764262
206840833,residential,True,chennai-flooded-streets-Dec2.geojson,80.24412453174591,12.968199851542465
183979606,unclassified,True,chennai-flooded-streets-Dec2.geojson,80.24466902017593,12.959378124752604
102470560,primary,True,chennai-flooded-streets-Dec2.geojson,80.23298263549805,12.934152796837935
204649771,service,True,chennai-flooded-streets-Dec2.geojson,80.2292999625206,12.980607244249512
27354984,residential,True,chennai-flooded-streets-Dec2.geojson,80.22629052400589,12.981840892598015
194428736,secondary,True,chennai-flooded-streets-Dec2.geojson,80.21100997924805,12.904273821759844
179276990,residential,True,chennai-flooded-streets-Dec2.geojson,80.19744336605072,12.947006269993523
197488613,residential,True,chennai-flooded-streets-Dec2.geojson,80.20377606153488,12.92626053547859
27319409,residential,True,chennai-flooded-streets-Dec2.geojson,80.21135330200195,12.96624472247278
203215455,residential,True,chennai-flooded-streets-Dec2.geojson,80.19547998905182,12.929758362133285
132065352,living_street,True,chennai-flooded-streets-Dec2.geojson,80.24415671825409,12.97749695958386
27371013,residential,True,chennai-flooded-streets-Dec2.geojson,80.2053290605545,12.986861673648534
30606819,residential,True,chennai-flooded-streets-Dec2.geojson,80.21000683307648,12.987042012152742
25562473,unclassified,True,chennai-flooded-streets-Dec2.geojson,80.21944284439087,12.988288696492504
27320312,residential,True,chennai-flooded-streets-Dec2.geojson,80.20996123552322,12.986644744549722
184110366,primary,True,chennai-flooded-streets-Dec2.geojson,80.23083955049515,12.924540360595302
321823978,residential,True,chennai-flooded-streets-Dec2.geojson,80.24052500724792,13.003564645208641
30609146,residential,True,chennai-flooded-streets-Dec2.geojson,80.22547781467438,12.97922722358713
27319895,residential,True,chennai-flooded-streets-Dec2.geojson,80.21065056324005,12.97915926782629
27354936,residential,True,chennai-flooded-streets-Dec2.geojson,80.22226721048355,12.979483364364881
27354929,residential,True,chennai-flooded-streets-Dec2.geojson,80.22363513708115,12.983233966951943
29503300,residential,True,chennai-flooded-streets-Dec2.geojson,80.22273391485214,12.976937626952832
30605099,residential,True,chennai-flooded-streets-Dec2.geojson,80.22233963012695,12.977549233597216
27355084,residential,True,chennai-flooded-streets-Dec2.geojson,80.22226184606552,12.986595086054692
102559068,secondary,True,chennai-flooded-streets-Dec2.geojson,80.18706321716309,12.957977075078148
198549448,service,True,chennai-flooded-streets-Dec2.geojson,80.18546998500824,12.95583104900497
27839473,unclassified,True,chennai-flooded-streets-Dec2.geojson,80.24681210517883,12.963999441663788
27319724,residential,True,chennai-flooded-streets-Dec2.geojson,80.21100997924805,12.977651167891679
194581076,unclassified,True,chennai-flooded-streets-Dec2.geojson,80.17805099487305,12.916681781760829
206809952,tertiary,True,chennai-flooded-streets-Dec2.geojson,80.23090124130249,12.985541800900833
30597837,residential,True,chennai-flooded-streets-Dec2.geojson,80.20163834095001,12.959626444301549
208813648,residential,True,chennai-flooded-streets-Dec2.geojson,80.24244010448456,12.927199045349028
331635349,primary,True,chennai-flooded-streets-Dec2.geojson,80.23298263549805,12.981838278942718
27320102,residential,True,chennai-flooded-streets-Dec2.geojson,80.19401550292969,12.986184749689471
27359976,residential,True,chennai-flooded-streets-Dec2.geojson,80.19402354955673,12.986715311867712
35457639,living_street,True,chennai-flooded-streets-Dec2.geojson,80.23892641067505,12.944977781353103
27344891,living_street,True,chennai-flooded-streets-Dec2.geojson,80.21295458078384,12.993651720028964
27320013,residential,True,chennai-flooded-streets-Dec2.geojson,80.20036697387695,12.977695600776201
27343604,unclassified,True,chennai-flooded-streets-Dec2.geojson,80.21135330200195,12.996134562071873
27320194,residential,True,chennai-flooded-streets-Dec2.geojson,80.21301090717316,12.972609290782898
27630176,residential,True,chennai-flooded-streets-Dec2.geojson,80.18277168273926,12.95202513999422
320523702,residential,True,chennai-flooded-streets-Dec2.geojson,80.19328594207764,12.961262733241384
84099763,residential,True,chennai-flooded-streets-Dec2.geojson,80.19378215074539,12.963928867899043
25594594,tertiary,True,chennai-flooded-streets-Dec2.geojson,80.20951867103577,13.003520216951983
27343668,residential,True,chennai-flooded-streets-Dec2.geojson,80.21014630794525,12.980071441682512
206838164,residential,True,chennai-flooded-streets-Dec2.geojson,80.23613691329956,12.966469510821199
35457768,unclassified,True,chennai-flooded-streets-Dec2.geojson,80.23547440767288,12.93511741848684
178114384,residential,True,chennai-flooded-streets-Dec2.geojson,80.19690692424774,12.945372501441483
84106327,primary,True,chennai-flooded-streets-Dec2.geojson,80.22584527730942,12.949562769531838
84106327,primary,True,chennai-flooded-streets-Dec2.geojson,80.22233963012695,12.949348421907104
30604313,service,True,chennai-flooded-streets-Dec2.geojson,80.22073030471802,12.975447809600226
27351934,residential,True,chennai-flooded-streets-Dec2.geojson,80.19201725721359,12.97955654739576
181629962,residential,True,chennai-flooded-streets-Dec2.geojson,80.18903195858002,12.979574843150118
25504478,unclassified,True,chennai-flooded-streets-Dec2.geojson,80.18938064575195,12.980706563622846
27483143,rail,True,chennai-flooded-streets-Dec2.geojson,80.20036697387695,12.995277330994014
103716668,rail,True,chennai-flooded-streets-Dec2.geojson,80.20036697387695,12.995225060710581
28642054,rail,True,chennai-flooded-streets-Dec2.geojson,80.18938064575195,12.990975449855455
203214535,residential,True,chennai-flooded-streets-Dec2.geojson,80.20358562469482,12.937687110528998
22688386,primary,True,chennai-flooded-streets-Dec2.geojson,80.21958500146866,12.991506001801099
27480309,secondary,True,chennai-flooded-streets-Dec2.geojson,80.22201240062714,12.982980443682663
32545042,primary,False,chennai-flooded-streets-Dec2.geojson,80.22036015987396,13.004725003918068
25504568,tertiary,True,chennai-flooded-streets-Dec2.geojson,80.17805099487305,12.968531803749244
27319430,residential,True,chennai-flooded-streets-Dec2.geojson,80.21135330200195,12.969438789016579
184469835,residential,True,chennai-flooded-streets-Dec2.geojson,80.21100997924805,12.962841506624287
213364196,residential,True,chennai-flooded-streets-Dec2.geojson,80.2132710814476,12.962399764749549
204540695,residential,True,chennai-flooded-streets-Dec2.geojson,80.18647849559784,12.98538759748871
27360563,residential,True,chennai-flooded-streets-Dec2.geojson,80.19125014543533,12.98874346029173
27359930,residential,True,chennai-flooded-streets-Dec2.geojson,80.19307941198349,12.988361876930199
27319431,residential,True,chennai-flooded-streets-Dec2.geojson,80.21135330200195,12.969966773153843
208814264,residential,True,chennai-flooded-streets-Dec2.geojson,80.23092538118362,12.912475275208521
25562576,unclassified,True,chennai-flooded-streets-Dec2.geojson,80.1944848895073,12.991309985204452
206849372,residential,True,chennai-flooded-streets-Dec2.geojson,80.21100997924805,12.998800322727078
103716688,primary,True,chennai-flooded-streets-Dec2.geojson,80.19337713718414,12.992480855377067
28642054,rail,True,chennai-flooded-streets-Dec2.geojson,80.19745141267776,12.994020227627558
108401694,residential,True,chennai-flooded-streets-Dec2.geojson,80.19277900457382,12.991302144537372
108401692,residential,True,chennai-flooded-streets-Dec2.geojson,80.19351929426193,12.99099113121001
206673840,living_street,True,chennai-flooded-streets-Dec2.geojson,80.20847260951996,12.989754914722056
30029249,unclassified,True,chennai-flooded-streets-Dec2.geojson,80.22262394428253,12.989080612226132
27319949,unclassified,True,chennai-flooded-streets-Dec2.geojson,80.20885080099106,12.993685695929742
82874905,unclassified,True,chennai-flooded-streets-Dec2.geojson,80.20444124937057,12.935773568208646
197487061,tertiary,True,chennai-flooded-streets-Dec2.geojson,80.21100997924805,12.930767442027573
27340420,residential,True,chennai-flooded-streets-Dec2.geojson,80.20035356283188,12.98796199784698
25555704,tertiary,True,chennai-flooded-streets-Dec2.geojson,80.18287092447281,12.980596789576339
27360702,residential,True,chennai-flooded-streets-Dec2.geojson,80.1858401298523,12.983806353588108
27320194,residential,True,chennai-flooded-streets-Dec2.geojson,80.21301090717316,12.972609290782913
210441983,tertiary,True,chennai-flooded-streets-Dec2.geojson,80.18548339605331,12.993926140633107
206632633,unclassified,True,chennai-flooded-streets-Dec2.geojson,80.23401260375977,12.989820254013907
325034377,residential,True,chennai-flooded-streets-Dec2.geojson,80.23593574762344,12.936082036405779
35457771,unclassified,True,chennai-flooded-streets-Dec2.geojson,80.23689866065979,12.93710416134968
32545042,primary,False,chennai-flooded-streets-Dec2.geojson,80.22036015987396,13.004725003918068
214413829,primary,True,chennai-flooded-streets-Dec2.geojson,80.24601548910141,12.961903130936534
25556292,tertiary,True,chennai-flooded-streets-Dec2.geojson,80.18826752901077,12.980735313960352
23227994,secondary,True,chennai-flooded-streets-Dec2.geojson,80.18903732299805,12.965902311923927
244377263,residential,True,chennai-flooded-streets-Dec2.geojson,80.18903732299805,12.966506104254051
25562252,residential,True,chennai-flooded-streets-Dec2.geojson,80.18929481506348,12.975832026508513
30025553,service,True,chennai-flooded-streets-Dec2.geojson,80.24071544408798,12.98703939855217
27442685,unclassified,True,chennai-flooded-streets-Dec2.geojson,80.19579112529755,12.953758195058299
27630074,unclassified,True,chennai-flooded-streets-Dec2.geojson,80.1942327618599,12.9564034986942
55215045,residential,True,chennai-flooded-streets-Dec2.geojson,80.18943965435028,12.968001202765947
27355140,residential,True,chennai-flooded-streets-Dec2.geojson,80.22352516651154,12.977410707437755
27360563,residential,False,chennai-flooded-streets-Dec2.geojson,80.19125014543533,12.98874346029173
30025540,service,True,chennai-flooded-streets-Dec2.geojson,80.23912489414215,12.9948513278635
35457655,tertiary,True,chennai-flooded-streets-Dec2.geojson,80.23793399333954,12.929625037800633
183720341,residential,True,chennai-flooded-streets-Dec2.geojson,80.20757406949997,12.927094476178794
27320013,residential,False,chennai-flooded-streets-Dec2.geojson,80.20036697387695,12.977695600776187
126679758,residential,True,chennai-flooded-streets-Dec2.geojson,80.2008444070816,12.980374627667189
126679758,residential,True,chennai-flooded-streets-Dec2.geojson,80.2008444070816,12.980374627667189
27360659,residential,True,chennai-flooded-streets-Dec2.geojson,80.18529295921326,12.981182250597556
27360659,residential,True,chennai-flooded-streets-Dec2.geojson,80.18529295921326,12.981182250597556
206653799,unclassified,True,chennai-flooded-streets-Dec2.geojson,80.20414620637894,12.977844581566274
28404800,track,True,chennai-flooded-streets-Dec2.geojson,80.21822512149811,12.994441005138725
205773151,living_street,True,chennai-flooded-streets-Dec2.geojson,80.21718710660934,12.994772922299703
206673872,residential,1,chennai-flooded-streets-Dec31.geojson,80.216556,12.984159
30596872,unclassified,1,chennai-flooded-streets-Dec31.geojson,80.200023,12.973801
184301024,unclassified,1,chennai-flooded-streets-Dec31.geojson,80.18938,12.980047
232405632,residential,1,chennai-flooded-streets-Dec31.geojson,80.216921,12.977447
98639488,rail,1,chennai-flooded-streets-Dec31.geojson,80.221996,12.967316
27360404,residential,1,chennai-flooded-streets-Dec31.geojson,80.20656,12.980377
27274196,residential,1,chennai-flooded-streets-Dec31.geojson,80.205299,12.982008
208378448,residential,1,chennai-flooded-streets-Dec31.geojson,80.21532,12.935415
206634208,residential,1,chennai-flooded-streets-Dec31.geojson,80.216307,12.965687
27370208,residential,1,chennai-flooded-streets-Dec31.geojson,80.210135,12.979629
27369788,unclassified,1,chennai-flooded-streets-Dec31.geojson,80.191255,12.964741
0,residential,1,chennai-flooded-streets-Dec31.geojson,80.232741,12.939333
25774736,residential,1,chennai-flooded-streets-Dec31.geojson,80.189788,12.971678
27442638,unclassified,1,chennai-flooded-streets-Dec31.geojson,80.211353,12.964441
27442652,residential,1,chennai-flooded-streets-Dec31.geojson,80.209639,12.958565
30680572,living_street,1,chennai-flooded-streets-Dec31.geojson,80.203078,12.99656
294991968,residential,1,chennai-flooded-streets-Dec31.geojson,80.187808,12.921442
232404416,residential,1,chennai-flooded-streets-Dec31.geojson,80.185022,12.961568
27319936,residential,1,chennai-flooded-streets-Dec31.geojson,80.216631,12.983045
27320172,residential,1,chennai-flooded-streets-Dec31.geojson,80.21363,12.972465
369983648,service,1,chennai-flooded-streets-Dec31.geojson,80.236472,12.942206
98357648,unclassified,1,chennai-flooded-streets-Dec31.geojson,80.206737,12.899044
179306368,residential,1,chennai-flooded-streets-Dec31.geojson,80.195764,12.950861
179305584,residential,1,chennai-flooded-streets-Dec31.geojson,80.199157,12.950621
30609138,unclassified,1,chennai-flooded-streets-Dec31.geojson,80.232127,12.978594
194607072,residential,1,chennai-flooded-streets-Dec31.geojson,80.182755,12.947199
384308512,unclassified,1,chennai-flooded-streets-Dec31.geojson,80.193473,12.959218
27344890,living_street,1,chennai-flooded-streets-Dec31.geojson,80.213375,12.992841
206653760,residential,1,chennai-flooded-streets-Dec31.geojson,80.196955,12.978597
219391440,residential,1,chennai-flooded-streets-Dec31.geojson,80.215824,12.943004
151244192,unclassified,1,chennai-flooded-streets-Dec31.geojson,80.23049,12.977567
27370104,residential,1,chennai-flooded-streets-Dec31.geojson,80.221022,12.98431
206658384,residential,1,chennai-flooded-streets-Dec31.geojson,80.212613,12.973286
385787776,unclassified,1,chennai-flooded-streets-Dec31.geojson,80.204256,12.90254
30597400,unclassified,1,chennai-flooded-streets-Dec31.geojson,80.202338,12.975936
315999072,residential,1,chennai-flooded-streets-Dec31.geojson,80.208998,12.92884
208812496,residential,1,chennai-flooded-streets-Dec31.geojson,80.239076,12.937799
206642432,residential,1,chennai-flooded-streets-Dec31.geojson,80.207603,12.965512
208378400,residential,1,chennai-flooded-streets-Dec31.geojson,80.214526,12.935938
30609136,unclassified,1,chennai-flooded-streets-Dec31.geojson,80.232132,12.979224
386635168,service,1,chennai-flooded-streets-Dec31.geojson,80.209062,12.948621
27273976,unclassified,1,chennai-flooded-streets-Dec31.geojson,80.200997,12.990105
237840896,tertiary,1,chennai-flooded-streets-Dec31.geojson,80.18603,12.986947
48759112,rail,1,chennai-flooded-streets-Dec31.geojson,80.218166,12.958716
213364192,residential,1,chennai-flooded-streets-Dec31.geojson,80.200388,12.967792
208812480,residential,1,chennai-flooded-streets-Dec31.geojson,80.22912,12.930503
184466048,living_street,1,chennai-flooded-streets-Dec31.geojson,80.184547,12.949236
55215044,residential,1,chennai-flooded-streets-Dec31.geojson,80.189439,12.968001
232404720,residential,1,chennai-flooded-streets-Dec31.geojson,80.199125,12.957817
27360574,residential,1,chennai-flooded-streets-Dec31.geojson,80.187041,12.98907
331635360,primary,1,chennai-flooded-streets-Dec31.geojson,80.232982,12.981838
25562576,unclassified,1,chennai-flooded-streets-Dec31.geojson,80.194484,12.991309
34598904,unclassified,1,chennai-flooded-streets-Dec31.geojson,80.23498,12.929496
27370276,residential,1,chennai-flooded-streets-Dec31.geojson,80.226368,12.976263
151332208,road,1,chennai-flooded-streets-Dec31.geojson,80.227409,12.972664
208812528,residential,1,chennai-flooded-streets-Dec31.geojson,80.233325,12.927348
179255008,residential,1,chennai-flooded-streets-Dec31.geojson,80.198931,12.947549
132073176,service,1,chennai-flooded-streets-Dec31.geojson,80.245462,12.981132
325034368,residential,1,chennai-flooded-streets-Dec31.geojson,80.24278,12.947267
30597404,unclassified,1,chennai-flooded-streets-Dec31.geojson,80.203204,12.976229
27319920,residential,1,chennai-flooded-streets-Dec31.geojson,80.218764,12.970845
184719120,residential,1,chennai-flooded-streets-Dec31.geojson,80.239358,12.963949
180149968,living_street,1,chennai-flooded-streets-Dec31.geojson,80.241125,12.93073
208808688,residential,1,chennai-flooded-streets-Dec31.geojson,80.204097,12.927209
35457768,unclassified,1,chennai-flooded-streets-Dec31.geojson,80.235474,12.935117
30596856,unclassified,1,chennai-flooded-streets-Dec31.geojson,80.207351,12.968563
189492656,residential,1,chennai-flooded-streets-Dec31.geojson,80.234205,12.944904
27355032,residential,1,chennai-flooded-streets-Dec31.geojson,80.227041,12.982259
325034400,residential,1,chennai-flooded-streets-Dec31.geojson,80.241769,12.947819
206653808,unclassified,1,chennai-flooded-streets-Dec31.geojson,80.200777,12.979614
27320160,residential,1,chennai-flooded-streets-Dec31.geojson,80.216363,12.975633
134417600,tertiary,1,chennai-flooded-streets-Dec31.geojson,80.193471,12.996866
27370100,residential,1,chennai-flooded-streets-Dec31.geojson,80.219383,12.983696
27369788,unclassified,1,chennai-flooded-streets-Dec31.geojson,80.18938,12.965288
30598638,primary,1,chennai-flooded-streets-Dec31.geojson,80.218066,12.968735
27369858,residential,1,chennai-flooded-streets-Dec31.geojson,80.185386,12.980131
27343774,residential,1,chennai-flooded-streets-Dec31.geojson,80.189037,12.979608
325034368,residential,1,chennai-flooded-streets-Dec31.geojson,80.24315,12.934087
384312064,unclassified,1,chennai-flooded-streets-Dec31.geojson,80.204529,12.942178
30610248,unclassified,1,chennai-flooded-streets-Dec31.geojson,80.230375,12.98029
183718512,living_street,1,chennai-flooded-streets-Dec31.geojson,80.201603,12.941137
312878624,residential,1,chennai-flooded-streets-Dec31.geojson,80.195257,12.992878
300030688,residential,1,chennai-flooded-streets-Dec31.geojson,80.198628,12.913646
206653808,residential,1,chennai-flooded-streets-Dec31.geojson,80.192642,12.975578
213364176,residential,1,chennai-flooded-streets-Dec31.geojson,80.198999,12.968314
183979584,living_street,1,chennai-flooded-streets-Dec31.geojson,80.235219,12.971684
103730440,unclassified,1,chennai-flooded-streets-Dec31.geojson,80.197641,12.991626
30597398,unclassified,1,chennai-flooded-streets-Dec31.geojson,80.202343,12.97642
378400832,residential,1,chennai-flooded-streets-Dec31.geojson,80.231842,12.940489
27630104,unclassified,1,chennai-flooded-streets-Dec31.geojson,80.203612,12.952278
208378432,residential,1,chennai-flooded-streets-Dec31.geojson,80.21532,12.935415
206642432,residential,1,chennai-flooded-streets-Dec31.geojson,80.212109,12.971459
27369654,unclassified,1,chennai-flooded-streets-Dec31.geojson,80.185038,12.964064
194607456,living_street,1,chennai-flooded-streets-Dec31.geojson,80.191448,12.94075
389017184,residential,1,chennai-flooded-streets-Dec31.geojson,80.189037,12.962896
27342814,living_street,1,chennai-flooded-streets-Dec31.geojson,80.211353,12.994519
30025552,service,1,chennai-flooded-streets-Dec31.geojson,80.240715,12.987039
184109535,primary,1,chennai-flooded-streets-Dec31.geojson,80.228538,12.908365
30604306,residential,1,chennai-flooded-streets-Dec31.geojson,80.217962,12.98143
27319416,residential,1,chennai-flooded-streets-Dec31.geojson,80.211353,12.967841
27360702,residential,1,chennai-flooded-streets-Dec31.geojson,80.18584,12.983806
27371076,residential,1,chennai-flooded-streets-Dec31.geojson,80.210376,12.986187
208378448,residential,1,chennai-flooded-streets-Dec31.geojson,80.21606,12.937423
179306592,residential,1,chennai-flooded-streets-Dec31.geojson,80.198773,12.949703
32551436,living_street,1,chennai-flooded-streets-Dec31.geojson,80.215084,12.994974
27359756,residential,1,chennai-flooded-streets-Dec31.geojson,80.203674,12.966537
194472624,residential,1,chennai-flooded-streets-Dec31.geojson,80.192298,12.906177
27480308,secondary,1,chennai-flooded-streets-Dec31.geojson,80.221315,12.97597
213364176,residential,1,chennai-flooded-streets-Dec31.geojson,80.200691,12.974627
208378464,residential,1,chennai-flooded-streets-Dec31.geojson,80.208781,12.934615
184467328,unclassified,1,chennai-flooded-streets-Dec31.geojson,80.189037,12.95145
179312112,residential,1,chennai-flooded-streets-Dec31.geojson,80.182999,12.943767
27344640,unclassified,1,chennai-flooded-streets-Dec31.geojson,80.203159,12.996165
27354150,residential,1,chennai-flooded-streets-Dec31.geojson,80.210886,12.984684
27274108,unclassified,1,chennai-flooded-streets-Dec31.geojson,80.201391,12.983314
194605147,residential,1,chennai-flooded-streets-Dec31.geojson,80.196171,12.902326
318725696,residential,1,chennai-flooded-streets-Dec31.geojson,80.214228,12.978359
384311369,unclassified,1,chennai-flooded-streets-Dec31.geojson,80.202335,12.950634
206642416,secondary,1,chennai-flooded-streets-Dec31.geojson,80.211009,12.964686
183979520,living_street,1,chennai-flooded-streets-Dec31.geojson,80.233988,12.970452
179251264,residential,1,chennai-flooded-streets-Dec31.geojson,80.185807,12.921604
194607072,residential,1,chennai-flooded-streets-Dec31.geojson,80.183629,12.947301
206673872,residential,1,chennai-flooded-streets-Dec31.geojson,80.189554,12.988704
30598648,residential,1,chennai-flooded-streets-Dec31.geojson,80.2172,12.973194
379587328,residential,1,chennai-flooded-streets-Dec31.geojson,80.215078,12.906446
183273728,residential,1,chennai-flooded-streets-Dec31.geojson,80.198229,12.937773
315757408,residential,1,chennai-flooded-streets-Dec31.geojson,80.188243,12.920914
28642054,rail,1,chennai-flooded-streets-Dec31.geojson,80.200366,12.995138
178114544,residential,1,chennai-flooded-streets-Dec31.geojson,80.199294,12.942172
325034400,residential,1,chennai-flooded-streets-Dec31.geojson,80.240154,12.943025
219391440,residential,1,chennai-flooded-streets-Dec31.geojson,80.20943,12.943286
27351832,residential,1,chennai-flooded-streets-Dec31.geojson,80.193908,12.974297
183979584,living_street,1,chennai-flooded-streets-Dec31.geojson,80.237199,12.972609
30610248,unclassified,1,chennai-flooded-streets-Dec31.geojson,80.230386,12.980447
208378400,residential,1,chennai-flooded-streets-Dec31.geojson,80.211597,12.936351
198305824,residential,1,chennai-flooded-streets-Dec31.geojson,80.243478,12.939239
325034368,residential,1,chennai-flooded-streets-Dec31.geojson,80.244288,12.947853
26551244,unclassified,1,chennai-flooded-streets-Dec31.geojson,80.207861,12.972609
132192376,unclassified,1,chennai-flooded-streets-Dec31.geojson,80.207515,12.969872
32551444,unclassified,1,chennai-flooded-streets-Dec31.geojson,80.213909,12.996675
27352076,residential,1,chennai-flooded-streets-Dec31.geojson,80.201445,12.967266
30610644,unclassified,1,chennai-flooded-streets-Dec31.geojson,80.21425,12.993685
27359782,residential,1,chennai-flooded-streets-Dec31.geojson,80.203843,12.967538
27355089,residential,1,chennai-flooded-streets-Dec31.geojson,80.22298,12.98597
27630116,residential,1,chennai-flooded-streets-Dec31.geojson,80.196923,12.951936
98639512,rail,1,chennai-flooded-streets-Dec31.geojson,80.221454,12.967363
27354996,residential,1,chennai-flooded-streets-Dec31.geojson,80.229608,12.982841
82874920,unclassified,1,chennai-flooded-streets-Dec31.geojson,80.207732,12.955739
27442644,residential,1,chennai-flooded-streets-Dec31.geojson,80.208376,12.964446
27354998,residential,1,chennai-flooded-streets-Dec31.geojson,80.228082,12.982598
206535360,unclassified,1,chennai-flooded-streets-Dec31.geojson,80.208491,12.952547
206673840,residential,1,chennai-flooded-streets-Dec31.geojson,80.199232,12.982888
232405632,residential,1,chennai-flooded-streets-Dec31.geojson,80.21955,12.981665
384309184,unclassified,1,chennai-flooded-streets-Dec31.geojson,80.190501,12.955329
30606816,residential,1,chennai-flooded-streets-Dec31.geojson,80.213882,12.98166
27355030,residential,1,chennai-flooded-streets-Dec31.geojson,80.226301,12.983866
27442564,residential,1,chennai-flooded-streets-Dec31.geojson,80.194213,12.960183
82874928,unclassified,1,chennai-flooded-streets-Dec31.geojson,80.209931,12.940489
30029284,unclassified,1,chennai-flooded-streets-Dec31.geojson,80.229568,12.984752
184108720,residential,1,chennai-flooded-streets-Dec31.geojson,80.196633,12.940468
30598635,secondary,1,chennai-flooded-streets-Dec31.geojson,80.200023,12.965065
27319430,residential,1,chennai-flooded-streets-Dec31.geojson,80.21186,12.969038
30609136,unclassified,1,chennai-flooded-streets-Dec31.geojson,80.232121,12.978926
208808688,residential,1,chennai-flooded-streets-Dec31.geojson,80.199205,12.927439
179309856,residential,1,chennai-flooded-streets-Dec31.geojson,80.191314,12.939713
284055872,residential,1,chennai-flooded-streets-Dec31.geojson,80.190153,12.980693
179259184,primary,1,chennai-flooded-streets-Dec31.geojson,80.208722,12.945179
25562108,tertiary,1,chennai-flooded-streets-Dec31.geojson,80.17805,12.9782
27340390,unclassified,1,chennai-flooded-streets-Dec31.geojson,80.199232,12.986216
189487600,tertiary,1,chennai-flooded-streets-Dec31.geojson,80.232438,12.900739
27319412,residential,1,chennai-flooded-streets-Dec31.geojson,80.211353,12.967292
208813648,residential,1,chennai-flooded-streets-Dec31.geojson,80.232982,12.916809
208812512,residential,1,chennai-flooded-streets-Dec31.geojson,80.231912,12.933802
194788992,residential,1,chennai-flooded-streets-Dec31.geojson,80.198427,12.912467
206807728,residential,1,chennai-flooded-streets-Dec31.geojson,80.224997,12.977473
28295300,residential,1,chennai-flooded-streets-Dec31.geojson,80.187028,12.976404
388761419,residential,1,chennai-flooded-streets-Dec31.geojson,80.239358,12.952477
206634192,residential,1,chennai-flooded-streets-Dec31.geojson,80.214952,12.964179
27370312,residential,1,chennai-flooded-streets-Dec31.geojson,80.225665,12.977954
132509264,unclassified,1,chennai-flooded-streets-Dec31.geojson,80.222967,12.969268
27320188,residential,1,chennai-flooded-streets-Dec31.geojson,80.213574,12.972039
30681616,living_street,1,chennai-flooded-streets-Dec31.geojson,80.209827,12.998031
132191992,unclassified,1,chennai-flooded-streets-Dec31.geojson,80.236343,12.967462
179306432,residential,1,chennai-flooded-streets-Dec31.geojson,80.19758,12.949594
206835312,residential,1,chennai-flooded-streets-Dec31.geojson,80.231818,12.974506
179312432,residential,1,chennai-flooded-streets-Dec31.geojson,80.187967,12.945573
27274220,unclassified,1,chennai-flooded-streets-Dec31.geojson,80.210108,12.993675
27442570,residential,1,chennai-flooded-streets-Dec31.geojson,80.193613,12.963189
325034368,residential,1,chennai-flooded-streets-Dec31.geojson,80.244567,12.947406
155204896,service,1,chennai-flooded-streets-Dec31.geojson,80.24461,12.986302
294991968,residential,1,chennai-flooded-streets-Dec31.geojson,80.189434,12.919552
27320360,residential,1,chennai-flooded-streets-Dec31.geojson,80.199015,12.981548
27320162,residential,1,chennai-flooded-streets-Dec31.geojson,80.216001,12.970144
218167008,living_street,1,chennai-flooded-streets-Dec31.geojson,80.201965,13.001285
32551436,living_street,1,chennai-flooded-streets-Dec31.geojson,80.217077,12.994924
184467632,living_street,1,chennai-flooded-streets-Dec31.geojson,80.19335,12.954508
183720336,living_street,1,chennai-flooded-streets-Dec31.geojson,80.203293,12.93594
30029336,unclassified,1,chennai-flooded-streets-Dec31.geojson,80.237799,12.983314
318725696,residential,1,chennai-flooded-streets-Dec31.geojson,80.21812,12.978717
30609188,unclassified,1,chennai-flooded-streets-Dec31.geojson,80.235487,12.982081
84099120,residential,1,chennai-flooded-streets-Dec31.geojson,80.204401,12.962637
27319930,tertiary,1,chennai-flooded-streets-Dec31.geojson,80.228379,12.972609
194581360,residential,1,chennai-flooded-streets-Dec31.geojson,80.189037,12.916731
27344724,residential,1,chennai-flooded-streets-Dec31.geojson,80.192306,12.985032
179255536,residential,1,chennai-flooded-streets-Dec31.geojson,80.197529,12.947398
25562108,tertiary,1,chennai-flooded-streets-Dec31.geojson,80.17805,12.978189
183274272,residential,1,chennai-flooded-streets-Dec31.geojson,80.201109,12.936014
208812480,residential,1,chennai-flooded-streets-Dec31.geojson,80.231161,12.935174
208808640,residential,1,chennai-flooded-streets-Dec31.geojson,80.200216,12.909466
27360004,residential,1,chennai-flooded-streets-Dec31.geojson,80.192972,12.987959
30604292,unclassified,1,chennai-flooded-streets-Dec31.geojson,80.223187,12.974891
179251296,residential,1,chennai-flooded-streets-Dec31.geojson,80.187044,12.920835
198549424,residential,1,chennai-flooded-streets-Dec31.geojson,80.184112,12.955305
27343592,living_street,1,chennai-flooded-streets-Dec31.geojson,80.21437,12.993873
198549440,tertiary,1,chennai-flooded-streets-Dec31.geojson,80.186891,12.955601
30597414,residential,1,chennai-flooded-streets-Dec31.geojson,80.210658,12.962193
27320008,residential,1,chennai-flooded-streets-Dec31.geojson,80.207654,12.98447
25562648,residential,1,chennai-flooded-streets-Dec31.geojson,80.186001,12.979114
25774728,residential,1,chennai-flooded-streets-Dec31.geojson,80.190324,12.971537
206658384,residential,1,chennai-flooded-streets-Dec31.geojson,80.207343,12.979261
27343772,residential,1,chennai-flooded-streets-Dec31.geojson,80.189646,12.976315
27351834,residential,1,chennai-flooded-streets-Dec31.geojson,80.191652,12.975139
27320120,residential,1,chennai-flooded-streets-Dec31.geojson,80.216446,12.973652
312878016,residential,1,chennai-flooded-streets-Dec31.geojson,80.195455,12.987428
28571968,residential,1,chennai-flooded-streets-Dec31.geojson,80.217608,12.971835
30596880,unclassified,1,chennai-flooded-streets-Dec31.geojson,80.201911,12.973061
206642432,residential,1,chennai-flooded-streets-Dec31.geojson,80.211688,12.966587
208812512,residential,1,chennai-flooded-streets-Dec31.geojson,80.229332,12.931055
213364208,unclassified,1,chennai-flooded-streets-Dec31.geojson,80.215001,12.969872
0,residential,1,chennai-flooded-streets-Dec31.geojson,80.199294,12.930649
203726512,residential,1,chennai-flooded-streets-Dec31.geojson,80.216618,12.940154
27319416,residential,1,chennai-flooded-streets-Dec31.geojson,80.21187,12.967755
307740000,residential,1,chennai-flooded-streets-Dec31.geojson,80.188369,12.939584
213364672,residential,1,chennai-flooded-streets-Dec31.geojson,80.222339,12.981211
198549088,secondary,1,chennai-flooded-streets-Dec31.geojson,80.185236,12.949228
27368886,unclassified,1,chennai-flooded-streets-Dec31.geojson,80.247386,12.946161
30601304,unclassified,1,chennai-flooded-streets-Dec31.geojson,80.210358,12.975941
385787776,unclassified,1,chennai-flooded-streets-Dec31.geojson,80.204403,12.902213
194432816,secondary,1,chennai-flooded-streets-Dec31.geojson,80.184348,12.90306
365059616,unclassified,1,chennai-flooded-streets-Dec31.geojson,80.22986,12.9805
194604512,residential,1,chennai-flooded-streets-Dec31.geojson,80.189847,12.905923
25571528,unclassified,1,chennai-flooded-streets-Dec31.geojson,80.182889,12.979582
379084128,residential,1,chennai-flooded-streets-Dec31.geojson,80.233191,12.928642
27320192,residential,1,chennai-flooded-streets-Dec31.geojson,80.214765,12.970371
27442624,residential,1,chennai-flooded-streets-Dec31.geojson,80.202523,12.9631
240340247,rail,1,chennai-flooded-streets-Dec31.geojson,80.20973,13.004725
27354144,unclassified,1,chennai-flooded-streets-Dec31.geojson,80.210433,12.98379
183979568,unclassified,1,chennai-flooded-streets-Dec31.geojson,80.24447,12.958918
30597836,unclassified,1,chennai-flooded-streets-Dec31.geojson,80.206109,12.961903
206673824,residential,1,chennai-flooded-streets-Dec31.geojson,80.21827,12.98052
27343432,living_street,1,chennai-flooded-streets-Dec31.geojson,80.215049,12.990737
189488688,unclassified,1,chennai-flooded-streets-Dec31.geojson,80.234221,12.902754
184110816,primary,1,chennai-flooded-streets-Dec31.geojson,80.232253,12.932077
27359748,residential,1,chennai-flooded-streets-Dec31.geojson,80.207461,12.969365
82874928,unclassified,1,chennai-flooded-streets-Dec31.geojson,80.210275,12.94195
27351988,residential,1,chennai-flooded-streets-Dec31.geojson,80.195372,12.978056
27343712,residential,1,chennai-flooded-streets-Dec31.geojson,80.214011,12.985296
184469904,living_street,1,chennai-flooded-streets-Dec31.geojson,80.211009,12.962334
28124082,unclassified,1,chennai-flooded-streets-Dec31.geojson,80.204371,12.941976
133604296,residential,1,chennai-flooded-streets-Dec31.geojson,80.190778,12.980011
312878624,residential,1,chennai-flooded-streets-Dec31.geojson,80.195327,12.992425
27368992,unclassified,1,chennai-flooded-streets-Dec31.geojson,80.231893,12.974295
27359680,residential,1,chennai-flooded-streets-Dec31.geojson,80.20598,12.973003
208814272,residential,1,chennai-flooded-streets-Dec31.geojson,80.231282,12.910768
30609148,unclassified,1,chennai-flooded-streets-Dec31.geojson,80.221237,12.97701
30609162,unclassified,1,chennai-flooded-streets-Dec31.geojson,80.233256,12.980696
183979600,unclassified,1,chennai-flooded-streets-Dec31.geojson,80.244312,12.95948
132509248,unclassified,1,chennai-flooded-streets-Dec31.geojson,80.222988,12.972611
213368944,living_street,1,chennai-flooded-streets-Dec31.geojson,80.237469,12.976869
179312256,residential,1,chennai-flooded-streets-Dec31.geojson,80.187267,12.945048
183979536,living_street,1,chennai-flooded-streets-Dec31.geojson,80.233017,12.968435
206849392,living_street,1,chennai-flooded-streets-Dec31.geojson,80.211009,12.999926
27359968,residential,1,chennai-flooded-streets-Dec31.geojson,80.19033,12.988976
198135168,residential,1,chennai-flooded-streets-Dec31.geojson,80.238408,12.944551
132509256,unclassified,1,chennai-flooded-streets-Dec31.geojson,80.228843,12.97838
210175392,residential,1,chennai-flooded-streets-Dec31.geojson,80.18754,12.962648
206647504,residential,1,chennai-flooded-streets-Dec31.geojson,80.196241,12.968087
325034368,living_street,1,chennai-flooded-streets-Dec31.geojson,80.242879,12.938405
198301424,residential,1,chennai-flooded-streets-Dec31.geojson,80.244411,12.937773
183273728,residential,1,chennai-flooded-streets-Dec31.geojson,80.200023,12.93598
27320132,residential,1,chennai-flooded-streets-Dec31.geojson,80.217863,12.984459
30609172,unclassified,1,chennai-flooded-streets-Dec31.geojson,80.23446,12.979953
27370250,residential,1,chennai-flooded-streets-Dec31.geojson,80.225054,12.975233
27352076,residential,1,chennai-flooded-streets-Dec31.geojson,80.200366,12.967337
206673824,residential,1,chennai-flooded-streets-Dec31.geojson,80.215355,12.976801
325034400,residential,1,chennai-flooded-streets-Dec31.geojson,80.242131,12.943119
206673856,residential,1,chennai-flooded-streets-Dec31.geojson,80.216905,12.977546
198301136,residential,1,chennai-flooded-streets-Dec31.geojson,80.243968,12.939501
25562252,residential,1,chennai-flooded-streets-Dec31.geojson,80.189294,12.975832
27344672,residential,1,chennai-flooded-streets-Dec31.geojson,80.213643,12.972609
30604296,unclassified,1,chennai-flooded-streets-Dec31.geojson,80.221838,12.974326
371969440,residential,1,chennai-flooded-streets-Dec31.geojson,80.213721,12.936583
198142096,residential,1,chennai-flooded-streets-Dec31.geojson,80.218509,12.969404
27442680,residential,1,chennai-flooded-streets-Dec31.geojson,80.202829,12.957754
27343708,residential,1,chennai-flooded-streets-Dec31.geojson,80.211009,12.985246
27343756,residential,1,chennai-flooded-streets-Dec31.geojson,80.200943,12.983314
305119264,residential,1,chennai-flooded-streets-Dec31.geojson,80.200678,12.919073
27320106,residential,1,chennai-flooded-streets-Dec31.geojson,80.209009,12.966236
184719136,residential,1,chennai-flooded-streets-Dec31.geojson,80.240337,12.957974
206673808,residential,1,chennai-flooded-streets-Dec31.geojson,80.217036,12.976537
194607040,unclassified,1,chennai-flooded-streets-Dec31.geojson,80.181081,12.94705
208814256,residential,1,chennai-flooded-streets-Dec31.geojson,80.230906,12.912211
325034400,residential,1,chennai-flooded-streets-Dec31.geojson,80.242131,12.943119
27343416,living_street,1,chennai-flooded-streets-Dec31.geojson,80.210688,12.992284
27344682,residential,1,chennai-flooded-streets-Dec31.geojson,80.195085,12.98298
178647168,residential,1,chennai-flooded-streets-Dec31.geojson,80.220022,12.973767
27319924,residential,1,chennai-flooded-streets-Dec31.geojson,80.220539,12.971657
205077024,residential,1,chennai-flooded-streets-Dec31.geojson,80.187213,12.980068
30609164,unclassified,1,chennai-flooded-streets-Dec31.geojson,80.23365,12.981409
206658400,residential,1,chennai-flooded-streets-Dec31.geojson,80.211009,12.976919
27343604,unclassified,1,chennai-flooded-streets-Dec31.geojson,80.212552,12.995888
178647168,residential,1,chennai-flooded-streets-Dec31.geojson,80.21643,12.97476
208813664,residential,1,chennai-flooded-streets-Dec31.geojson,80.242507,12.927332
27343690,residential,1,chennai-flooded-streets-Dec31.geojson,80.208695,12.982512
30597852,residential,1,chennai-flooded-streets-Dec31.geojson,80.201683,12.959961
27370370,unclassified,1,chennai-flooded-streets-Dec31.geojson,80.201871,12.964247
83912880,cycleway,1,chennai-flooded-streets-Dec31.geojson,80.23185,12.989689
30029336,unclassified,1,chennai-flooded-streets-Dec31.geojson,80.237351,12.983171
30596856,unclassified,1,chennai-flooded-streets-Dec31.geojson,80.209306,12.971276
27352116,residential,1,chennai-flooded-streets-Dec31.geojson,80.191652,12.968521
27320198,residential,1,chennai-flooded-streets-Dec31.geojson,80.218214,12.973542
30609166,unclassified,1,chennai-flooded-streets-Dec31.geojson,80.234208,12.981179
102470560,primary,1,chennai-flooded-streets-Dec31.geojson,80.230726,12.924553
183718432,living_street,1,chennai-flooded-streets-Dec31.geojson,80.200366,12.940575
305120032,residential,1,chennai-flooded-streets-Dec31.geojson,80.200238,12.923306
27343722,residential,1,chennai-flooded-streets-Dec31.geojson,80.214861,12.986433
183720352,residential,1,chennai-flooded-streets-Dec31.geojson,80.2041,12.929781
206673856,residential,1,chennai-flooded-streets-Dec31.geojson,80.204119,12.990246
27630172,residential,1,chennai-flooded-streets-Dec31.geojson,80.182431,12.951745
27368894,residential,1,chennai-flooded-streets-Dec31.geojson,80.241115,12.948028
320523712,residential,1,chennai-flooded-streets-Dec31.geojson,80.192424,12.96013
194581360,residential,1,chennai-flooded-streets-Dec31.geojson,80.186339,12.912085
30597428,unclassified,1,chennai-flooded-streets-Dec31.geojson,80.201874,12.963251
194472928,residential,1,chennai-flooded-streets-Dec31.geojson,80.19486,12.903353
385029632,unclassified,1,chennai-flooded-streets-Dec31.geojson,80.195375,12.951912
27342732,residential,1,chennai-flooded-streets-Dec31.geojson,80.205895,12.988432
30597410,unclassified,1,chennai-flooded-streets-Dec31.geojson,80.208909,12.972891
27319982,residential,1,chennai-flooded-streets-Dec31.geojson,80.204629,12.981592
131425312,rail,1,chennai-flooded-streets-Dec31.geojson,80.220623,12.961568
232404736,residential,1,chennai-flooded-streets-Dec31.geojson,80.200935,12.955109
30029256,unclassified,1,chennai-flooded-streets-Dec31.geojson,80.229865,12.987078
30609728,primary,1,chennai-flooded-streets-Dec31.geojson,80.244312,12.981174
34638512,unclassified,1,chennai-flooded-streets-Dec31.geojson,80.203481,12.972609
184717456,residential,1,chennai-flooded-streets-Dec31.geojson,80.233325,12.962214
27343772,residential,1,chennai-flooded-streets-Dec31.geojson,80.198982,12.974966
27319416,residential,1,chennai-flooded-streets-Dec31.geojson,80.211353,12.965157
179253616,tertiary,1,chennai-flooded-streets-Dec31.geojson,80.181765,12.956429
232404720,residential,1,chennai-flooded-streets-Dec31.geojson,80.198304,12.958439
27354164,residential,1,chennai-flooded-streets-Dec31.geojson,80.211358,12.983568
179310128,residential,1,chennai-flooded-streets-Dec31.geojson,80.189874,12.938599
27343708,residential,1,chennai-flooded-streets-Dec31.geojson,80.210328,12.985706
35572872,unclassified,1,chennai-flooded-streets-Dec31.geojson,80.243207,12.995371
296215456,residential,1,chennai-flooded-streets-Dec31.geojson,80.209443,12.983764
25774680,residential,1,chennai-flooded-streets-Dec31.geojson,80.187232,12.972355
206647504,residential,1,chennai-flooded-streets-Dec31.geojson,80.199532,12.970178
303500224,residential,1,chennai-flooded-streets-Dec31.geojson,80.182449,12.932218
179306368,residential,1,chennai-flooded-streets-Dec31.geojson,80.19574,12.950733
208378448,residential,1,chennai-flooded-streets-Dec31.geojson,80.210401,12.934325
325034368,residential,1,chennai-flooded-streets-Dec31.geojson,80.243134,12.948373
198301424,residential,1,chennai-flooded-streets-Dec31.geojson,80.242067,12.938199
27442648,unclassified,1,chennai-flooded-streets-Dec31.geojson,80.211353,12.960204
208378352,residential,1,chennai-flooded-streets-Dec31.geojson,80.214995,12.934165
30605102,residential,1,chennai-flooded-streets-Dec31.geojson,80.228892,12.980994
232404816,track,1,chennai-flooded-streets-Dec31.geojson,80.228607,12.953867
27630360,residential,1,chennai-flooded-streets-Dec31.geojson,80.239562,12.979269
371968896,residential,1,chennai-flooded-streets-Dec31.geojson,80.213826,12.937906
183403168,residential,1,chennai-flooded-streets-Dec31.geojson,80.204001,12.945098
84106328,primary,1,chennai-flooded-streets-Dec31.geojson,80.225845,12.949562
194433312,unclassified,1,chennai-flooded-streets-Dec31.geojson,80.189037,12.914666
98639488,rail,1,chennai-flooded-streets-Dec31.geojson,80.229018,12.972274
30029260,unclassified,1,chennai-flooded-streets-Dec31.geojson,80.230391,12.985659
206524320,residential,1,chennai-flooded-streets-Dec31.geojson,80.203274,12.955763
30037056,service,1,chennai-flooded-streets-Dec31.geojson,80.234307,12.988871
27360716,residential,1,chennai-flooded-streets-Dec31.geojson,80.185767,12.982583
27319970,residential,1,chennai-flooded-streets-Dec31.geojson,80.213694,12.979475
27630084,unclassified,1,chennai-flooded-streets-Dec31.geojson,80.189037,12.954986
25774686,residential,1,chennai-flooded-streets-Dec31.geojson,80.192277,12.973416
27320148,residential,1,chennai-flooded-streets-Dec31.geojson,80.214389,12.979122
27274044,residential,1,chennai-flooded-streets-Dec31.geojson,80.205095,12.985466
206634192,residential,1,chennai-flooded-streets-Dec31.geojson,80.216162,12.965303
206653760,residential,1,chennai-flooded-streets-Dec31.geojson,80.206157,12.973545
179312384,residential,1,chennai-flooded-streets-Dec31.geojson,80.187535,12.945281
30597412,unclassified,1,chennai-flooded-streets-Dec31.geojson,80.213925,12.96397
240321184,unclassified,1,chennai-flooded-streets-Dec31.geojson,80.243968,12.954113
27442656,unclassified,1,chennai-flooded-streets-Dec31.geojson,80.209242,12.960222
30609150,unclassified,1,chennai-flooded-streets-Dec31.geojson,80.222192,12.977839
25774672,residential,1,chennai-flooded-streets-Dec31.geojson,80.187567,12.972298
25504478,unclassified,1,chennai-flooded-streets-Dec31.geojson,80.194618,12.97964
203215024,residential,1,chennai-flooded-streets-Dec31.geojson,80.200581,12.927972
183979520,living_street,1,chennai-flooded-streets-Dec31.geojson,80.233122,12.967368
27343712,residential,1,chennai-flooded-streets-Dec31.geojson,80.214097,12.984911
102580568,service,1,chennai-flooded-streets-Dec31.geojson,80.244312,12.991934
118451728,residential,1,chennai-flooded-streets-Dec31.geojson,80.20542,12.921865
208378416,residential,1,chennai-flooded-streets-Dec31.geojson,80.21495,12.933826
30029358,service,1,chennai-flooded-streets-Dec31.geojson,80.231362,12.988299
194607248,living_street,1,chennai-flooded-streets-Dec31.geojson,80.189461,12.948762
28310454,residential,1,chennai-flooded-streets-Dec31.geojson,80.18938,12.986417
30609748,unclassified,1,chennai-flooded-streets-Dec31.geojson,80.241571,12.981286
27370264,residential,1,chennai-flooded-streets-Dec31.geojson,80.229565,12.976143
27370328,residential,1,chennai-flooded-streets-Dec31.geojson,80.215682,12.975638
27442596,unclassified,1,chennai-flooded-streets-Dec31.geojson,80.19703,12.961453
98639512,residential,0,chennai-flooded-streets-Dec31.geojson,80.22931,12.980568
194434592,residential,1,chennai-flooded-streets-Dec31.geojson,80.189037,12.912334
27320108,residential,1,chennai-flooded-streets-Dec31.geojson,80.209132,12.968061
206673856,residential,1,chennai-flooded-streets-Dec31.geojson,80.214327,12.976937
27370284,residential,1,chennai-flooded-streets-Dec31.geojson,80.229613,12.975779
198549568,residential,1,chennai-flooded-streets-Dec31.geojson,80.197773,12.951196
27360536,residential,1,chennai-flooded-streets-Dec31.geojson,80.19008,12.987355
27352102,residential,1,chennai-flooded-streets-Dec31.geojson,80.196139,12.965361
208378416,residential,1,chennai-flooded-streets-Dec31.geojson,80.214746,12.937117
25555816,unclassified,1,chennai-flooded-streets-Dec31.geojson,80.185292,12.981182
27630072,residential,1,chennai-flooded-streets-Dec31.geojson,80.194195,12.954699
27319888,residential,1,chennai-flooded-streets-Dec31.geojson,80.207187,12.978464
244466144,primary,1,chennai-flooded-streets-Dec31.geojson,80.216218,12.964004
325034400,residential,1,chennai-flooded-streets-Dec31.geojson,80.244344,12.948185
342279648,residential,1,chennai-flooded-streets-Dec31.geojson,80.228307,12.980617
206535376,residential,1,chennai-flooded-streets-Dec31.geojson,80.208413,12.959367
103716688,residential,1,chennai-flooded-streets-Dec31.geojson,80.195278,12.986869
335532000,road,1,chennai-flooded-streets-Dec31.geojson,80.223779,12.983822
25562276,residential,1,chennai-flooded-streets-Dec31.geojson,80.184845,12.975081
108148360,residential,1,chennai-flooded-streets-Dec31.geojson,80.219365,12.972115
85932934,runway,1,chennai-flooded-streets-Dec31.geojson,80.181814,12.993685
27368936,unclassified,1,chennai-flooded-streets-Dec31.geojson,80.237456,12.970212
28310232,residential,1,chennai-flooded-streets-Dec31.geojson,80.190249,12.994712
384308512,unclassified,1,chennai-flooded-streets-Dec31.geojson,80.202043,12.955585
25553078,tertiary,1,chennai-flooded-streets-Dec31.geojson,80.186019,12.986461
30604312,service,1,chennai-flooded-streets-Dec31.geojson,80.22073,12.975447
30598636,secondary,1,chennai-flooded-streets-Dec31.geojson,80.196139,12.964825
197488608,residential,1,chennai-flooded-streets-Dec31.geojson,80.203786,12.926642
27369812,unclassified,1,chennai-flooded-streets-Dec31.geojson,80.181097,12.975986
30609716,unclassified,1,chennai-flooded-streets-Dec31.geojson,80.229691,12.984109
179251792,residential,1,chennai-flooded-streets-Dec31.geojson,80.184676,12.92523
29503280,residential,1,chennai-flooded-streets-Dec31.geojson,80.226368,12.980118
371970272,residential,1,chennai-flooded-streets-Dec31.geojson,80.209381,12.941485
305120256,residential,1,chennai-flooded-streets-Dec31.geojson,80.201018,12.922626
27630120,residential,1,chennai-flooded-streets-Dec31.geojson,80.194087,12.95336
199941856,living_street,1,chennai-flooded-streets-Dec31.geojson,80.243478,12.939239
184110800,primary,1,chennai-flooded-streets-Dec31.geojson,80.233116,12.934223
305119200,residential,1,chennai-flooded-streets-Dec31.geojson,80.200144,12.918739
194607072,residential,1,chennai-flooded-streets-Dec31.geojson,80.183517,12.948342
179254080,residential,1,chennai-flooded-streets-Dec31.geojson,80.181937,12.95852
28571974,residential,1,chennai-flooded-streets-Dec31.geojson,80.219957,12.975139
27343036,living_street,1,chennai-flooded-streets-Dec31.geojson,80.212619,12.991377
133602704,residential,1,chennai-flooded-streets-Dec31.geojson,80.194712,12.96724
27319968,residential,1,chennai-flooded-streets-Dec31.geojson,80.20749,12.98
232404416,residential,1,chennai-flooded-streets-Dec31.geojson,80.185201,12.960624
30609164,unclassified,1,chennai-flooded-streets-Dec31.geojson,80.233277,12.980228
30609140,unclassified,1,chennai-flooded-streets-Dec31.geojson,80.231177,12.977614
184469837,residential,1,chennai-flooded-streets-Dec31.geojson,80.211176,12.963738
183403200,residential,1,chennai-flooded-streets-Dec31.geojson,80.206168,12.942528
84099136,residential,1,chennai-flooded-streets-Dec31.geojson,80.189774,12.957101
25562378,residential,1,chennai-flooded-streets-Dec31.geojson,80.184193,12.984334
28124136,tertiary,1,chennai-flooded-streets-Dec31.geojson,80.198604,12.919073
27370188,residential,1,chennai-flooded-streets-Dec31.geojson,80.218152,12.977387
27319964,residential,1,chennai-flooded-streets-Dec31.geojson,80.208695,12.98395
30597412,unclassified,1,chennai-flooded-streets-Dec31.geojson,80.211353,12.960878
179309728,residential,1,chennai-flooded-streets-Dec31.geojson,80.189037,12.939943
151245888,track,1,chennai-flooded-streets-Dec31.geojson,80.229831,12.978623
30609136,unclassified,1,chennai-flooded-streets-Dec31.geojson,80.232137,12.979556
27342776,residential,1,chennai-flooded-streets-Dec31.geojson,80.208292,12.993986
30596872,residential,1,chennai-flooded-streets-Dec31.geojson,80.201209,12.973748
30036608,service,1,chennai-flooded-streets-Dec31.geojson,80.241074,13.000624
30597424,residential,1,chennai-flooded-streets-Dec31.geojson,80.201844,12.964516
325034400,residential,1,chennai-flooded-streets-Dec31.geojson,80.241109,12.937598
204540832,residential,1,chennai-flooded-streets-Dec31.geojson,80.187811,12.983314
318725664,residential,1,chennai-flooded-streets-Dec31.geojson,80.217589,12.97827
103716672,rail,1,chennai-flooded-streets-Dec31.geojson,80.197252,12.99402
27342716,residential,1,chennai-flooded-streets-Dec31.geojson,80.202359,12.99402
27442664,residential,1,chennai-flooded-streets-Dec31.geojson,80.207732,12.955739
213364192,residential,1,chennai-flooded-streets-Dec31.geojson,80.213566,12.96299
208378400,residential,1,chennai-flooded-streets-Dec31.geojson,80.209105,12.934367
208378432,residential,1,chennai-flooded-streets-Dec31.geojson,80.215349,12.935794
194605136,residential,1,chennai-flooded-streets-Dec31.geojson,80.195581,12.903366
25116982,secondary,1,chennai-flooded-streets-Dec31.geojson,80.198317,12.90803
204540688,residential,1,chennai-flooded-streets-Dec31.geojson,80.186478,12.985387
189488688,residential,1,chennai-flooded-streets-Dec31.geojson,80.230472,12.90368
206673856,residential,1,chennai-flooded-streets-Dec31.geojson,80.197201,12.985536
307740192,residential,1,chennai-flooded-streets-Dec31.geojson,80.190067,12.937634
27319436,residential,1,chennai-flooded-streets-Dec31.geojson,80.213177,12.968816
318725664,residential,1,chennai-flooded-streets-Dec31.geojson,80.216886,12.978249
27343776,residential,1,chennai-flooded-streets-Dec31.geojson,80.188616,12.976901
183979600,unclassified,1,chennai-flooded-streets-Dec31.geojson,80.240385,12.958463
325034400,residential,1,chennai-flooded-streets-Dec31.geojson,80.244312,12.947045
371968928,residential,1,chennai-flooded-streets-Dec31.geojson,80.213971,12.937885
27340484,residential,1,chennai-flooded-streets-Dec31.geojson,80.19784,12.983573
27630130,residential,1,chennai-flooded-streets-Dec31.geojson,80.198897,12.95267
208808704,residential,1,chennai-flooded-streets-Dec31.geojson,80.208207,12.933595
179310352,residential,1,chennai-flooded-streets-Dec31.geojson,80.189697,12.937726
378400832,residential,1,chennai-flooded-streets-Dec31.geojson,80.231931,12.940709
27360538,residential,1,chennai-flooded-streets-Dec31.geojson,80.188659,12.988074
27359776,residential,1,chennai-flooded-streets-Dec31.geojson,80.203725,12.96713
103716672,primary,1,chennai-flooded-streets-Dec31.geojson,80.193468,12.99252
34599276,tertiary,1,chennai-flooded-streets-Dec31.geojson,80.233325,12.926145
30606830,living_street,1,chennai-flooded-streets-Dec31.geojson,80.216921,12.99402
30597404,unclassified,1,chennai-flooded-streets-Dec31.geojson,80.202764,12.976247
208812512,residential,1,chennai-flooded-streets-Dec31.geojson,80.232164,12.934994
177370784,residential,1,chennai-flooded-streets-Dec31.geojson,80.207171,12.965575
206849392,residential,1,chennai-flooded-streets-Dec31.geojson,80.199653,12.993254
31336520,primary,1,chennai-flooded-streets-Dec31.geojson,80.193457,12.99402
219391440,residential,1,chennai-flooded-streets-Dec31.geojson,80.213625,12.940698
27320136,residential,1,chennai-flooded-streets-Dec31.geojson,80.221028,12.981077
240340320,rail,1,chennai-flooded-streets-Dec31.geojson,80.200366,12.995577
198549440,service,1,chennai-flooded-streets-Dec31.geojson,80.185469,12.955831
183275168,residential,1,chennai-flooded-streets-Dec31.geojson,80.203671,12.942842
213364672,residential,1,chennai-flooded-streets-Dec31.geojson,80.221996,12.972787
30596856,unclassified,1,chennai-flooded-streets-Dec31.geojson,80.20524,12.96873
384309184,unclassified,1,chennai-flooded-streets-Dec31.geojson,80.189624,12.955475
208814256,residential,1,chennai-flooded-streets-Dec31.geojson,80.230182,12.905398
28534356,residential,1,chennai-flooded-streets-Dec31.geojson,80.210328,12.996246
108328800,primary,1,chennai-flooded-streets-Dec31.geojson,80.211511,12.972609
35457640,living_street,1,chennai-flooded-streets-Dec31.geojson,80.238926,12.944977
206653776,residential,1,chennai-flooded-streets-Dec31.geojson,80.190531,12.978202
194605328,residential,1,chennai-flooded-streets-Dec31.geojson,80.19861,12.907366
203214272,residential,1,chennai-flooded-streets-Dec31.geojson,80.200822,12.944122
184717456,residential,1,chennai-flooded-streets-Dec31.geojson,80.233309,12.963411
386634016,residential,1,chennai-flooded-streets-Dec31.geojson,80.194278,12.948598
27342832,living_street,1,chennai-flooded-streets-Dec31.geojson,80.210342,12.992378
30597416,unclassified,1,chennai-flooded-streets-Dec31.geojson,80.208153,12.963335
27442560,residential,1,chennai-flooded-streets-Dec31.geojson,80.195855,12.960794
27319408,residential,1,chennai-flooded-streets-Dec31.geojson,80.210682,12.972175
194581376,residential,1,chennai-flooded-streets-Dec31.geojson,80.18636,12.911677
29973062,tertiary,1,chennai-flooded-streets-Dec31.geojson,80.201147,12.995042
35457772,unclassified,1,chennai-flooded-streets-Dec31.geojson,80.237357,12.932694
27370352,residential,1,chennai-flooded-streets-Dec31.geojson,80.192674,12.961903
206658384,residential,1,chennai-flooded-streets-Dec31.geojson,80.214252,12.976043
183979552,living_street,1,chennai-flooded-streets-Dec31.geojson,80.235989,12.972609
232404416,residential,1,chennai-flooded-streets-Dec31.geojson,80.185292,12.961064
0,living_street,1,chennai-flooded-streets-Dec31.geojson,80.234216,12.934926
27319930,tertiary,1,chennai-flooded-streets-Dec31.geojson,80.232969,12.977125
25774712,residential,1,chennai-flooded-streets-Dec31.geojson,80.195356,12.973876
27483140,steps,1,chennai-flooded-streets-Dec31.geojson,80.185279,12.989558
180154592,living_street,1,chennai-flooded-streets-Dec31.geojson,80.242209,12.930754
194605984,residential,1,chennai-flooded-streets-Dec31.geojson,80.19564,12.911842
378400832,residential,1,chennai-flooded-streets-Dec31.geojson,80.23189,12.941869
30598646,residential,1,chennai-flooded-streets-Dec31.geojson,80.217026,12.971142
189490048,unclassified,1,chennai-flooded-streets-Dec31.geojson,80.230995,12.900746
27630064,residential,1,chennai-flooded-streets-Dec31.geojson,80.1833,12.960407
27320020,residential,1,chennai-flooded-streets-Dec31.geojson,80.200366,12.969425
151247568,residential,1,chennai-flooded-streets-Dec31.geojson,80.226269,12.977222
27343424,living_street,1,chennai-flooded-streets-Dec31.geojson,80.214915,12.99333
30609148,residential,1,chennai-flooded-streets-Dec31.geojson,80.224716,12.979525
197616576,residential,1,chennai-flooded-streets-Dec31.geojson,80.196681,12.910485
30681616,living_street,1,chennai-flooded-streets-Dec31.geojson,80.209601,12.998167
60871616,residential,1,chennai-flooded-streets-Dec31.geojson,80.185931,12.922626
151332576,residential,1,chennai-flooded-streets-Dec31.geojson,80.223511,12.972779
232404224,residential,1,chennai-flooded-streets-Dec31.geojson,80.185472,12.965792
189492656,unclassified,1,chennai-flooded-streets-Dec31.geojson,80.239248,12.945393
30610144,unclassified,1,chennai-flooded-streets-Dec31.geojson,80.242681,12.983453
194606224,residential,1,chennai-flooded-streets-Dec31.geojson,80.190362,12.916456
30680484,unclassified,1,chennai-flooded-streets-Dec31.geojson,80.205959,12.998523
300030688,residential,1,chennai-flooded-streets-Dec31.geojson,80.19692,12.913724
35458592,tertiary,1,chennai-flooded-streets-Dec31.geojson,80.248807,12.949481
27319410,residential,1,chennai-flooded-streets-Dec31.geojson,80.211353,12.966767
325034400,residential,1,chennai-flooded-streets-Dec31.geojson,80.240554,12.947615
27344656,residential,1,chennai-flooded-streets-Dec31.geojson,80.204894,12.993685
27368904,primary,1,chennai-flooded-streets-Dec31.geojson,80.241608,12.951525
35457656,tertiary,1,chennai-flooded-streets-Dec31.geojson,80.237933,12.929625
219391456,residential,1,chennai-flooded-streets-Dec31.geojson,80.212227,12.941916
27630160,residential,1,chennai-flooded-streets-Dec31.geojson,80.178343,12.961903
27630086,residential,1,chennai-flooded-streets-Dec31.geojson,80.200935,12.955109
179388736,unclassified,1,chennai-flooded-streets-Dec31.geojson,80.198443,12.945016
27319916,residential,1,chennai-flooded-streets-Dec31.geojson,80.21705,12.971877
312878624,residential,1,chennai-flooded-streets-Dec31.geojson,80.193741,12.992334
178647168,residential,1,chennai-flooded-streets-Dec31.geojson,80.219627,12.974342
194605328,residential,1,chennai-flooded-streets-Dec31.geojson,80.194817,12.905934
322022656,residential,1,chennai-flooded-streets-Dec31.geojson,80.1879,12.945226
206647520,residential,1,chennai-flooded-streets-Dec31.geojson,80.200334,12.970656
27344864,residential,1,chennai-flooded-streets-Dec31.geojson,80.207445,12.993194
27630102,residential,1,chennai-flooded-streets-Dec31.geojson,80.205827,12.95405
27343770,residential,1,chennai-flooded-streets-Dec31.geojson,80.19313,12.976273
299498144,residential,1,chennai-flooded-streets-Dec31.geojson,80.213622,12.98298
30609160,unclassified,1,chennai-flooded-streets-Dec31.geojson,80.233119,12.979005
206673856,residential,1,chennai-flooded-streets-Dec31.geojson,80.200911,12.982972
27442648,unclassified,1,chennai-flooded-streets-Dec31.geojson,80.212281,12.959955
206673872,residential,1,chennai-flooded-streets-Dec31.geojson,80.217077,12.976163
27352052,residential,1,chennai-flooded-streets-Dec31.geojson,80.189343,12.973401
27342752,living_street,1,chennai-flooded-streets-Dec31.geojson,80.208764,12.988738
384227136,unclassified,1,chennai-flooded-streets-Dec31.geojson,80.18614,12.980494
27370000,living_street,1,chennai-flooded-streets-Dec31.geojson,80.200023,12.997653
27369676,unclassified,1,chennai-flooded-streets-Dec31.geojson,80.189117,12.95977
179309616,residential,1,chennai-flooded-streets-Dec31.geojson,80.191354,12.940154
30609168,unclassified,1,chennai-flooded-streets-Dec31.geojson,80.233253,12.980063
27359932,residential,1,chennai-flooded-streets-Dec31.geojson,80.193149,12.988727
27342756,residential,1,chennai-flooded-streets-Dec31.geojson,80.207233,12.992088
213357584,residential,1,chennai-flooded-streets-Dec31.geojson,80.211353,12.961565
27319412,residential,1,chennai-flooded-streets-Dec31.geojson,80.211353,12.965735
30025550,service,1,chennai-flooded-streets-Dec31.geojson,80.235994,12.995421
208812480,residential,1,chennai-flooded-streets-Dec31.geojson,80.229836,12.929413
27359690,residential,1,chennai-flooded-streets-Dec31.geojson,80.207051,12.972468
27319412,residential,1,chennai-flooded-streets-Dec31.geojson,80.211793,12.967243
29973064,tertiary,1,chennai-flooded-streets-Dec31.geojson,80.20134,12.995047
164828624,rail,1,chennai-flooded-streets-Dec31.geojson,80.231716,12.974857
371995392,residential,1,chennai-flooded-streets-Dec31.geojson,80.212664,12.938758
27340428,residential,1,chennai-flooded-streets-Dec31.geojson,80.198363,12.986916
320523712,residential,1,chennai-flooded-streets-Dec31.geojson,80.193285,12.961262
206653792,unclassified,1,chennai-flooded-streets-Dec31.geojson,80.20311,12.974206
194433312,unclassified,1,chennai-flooded-streets-Dec31.geojson,80.186451,12.909811
165642304,living_street,1,chennai-flooded-streets-Dec31.geojson,80.191647,12.972996
206673808,residential,1,chennai-flooded-streets-Dec31.geojson,80.216902,12.977852
202505968,unclassified,1,chennai-flooded-streets-Dec31.geojson,80.232982,12.931624
389035648,residential,1,chennai-flooded-streets-Dec31.geojson,80.195131,12.943472
27368932,unclassified,1,chennai-flooded-streets-Dec31.geojson,80.232982,12.970476
27343694,residential,1,chennai-flooded-streets-Dec31.geojson,80.206088,12.979329
30015060,living_street,1,chennai-flooded-streets-Dec31.geojson,80.213397,12.990748
132509256,unclassified,1,chennai-flooded-streets-Dec31.geojson,80.226336,12.978416
108401696,residential,1,chennai-flooded-streets-Dec31.geojson,80.193519,12.990991
27354136,residential,1,chennai-flooded-streets-Dec31.geojson,80.209851,12.983759
27370256,residential,1,chennai-flooded-streets-Dec31.geojson,80.227556,12.972747
208808720,residential,1,chennai-flooded-streets-Dec31.geojson,80.20012,12.910171
189492656,unclassified,1,chennai-flooded-streets-Dec31.geojson,80.241605,12.944967
30606830,living_street,1,chennai-flooded-streets-Dec31.geojson,80.217136,12.994339
164828624,rail,1,chennai-flooded-streets-Dec31.geojson,80.23056,12.972609
27343408,unclassified,1,chennai-flooded-streets-Dec31.geojson,80.213397,12.989532
379587328,residential,1,chennai-flooded-streets-Dec31.geojson,80.214928,12.903068
30610146,unclassified,1,chennai-flooded-streets-Dec31.geojson,80.239875,12.983304
322022656,residential,1,chennai-flooded-streets-Dec31.geojson,80.182924,12.945824
27320194,residential,1,chennai-flooded-streets-Dec31.geojson,80.212549,12.972732
30597424,residential,1,chennai-flooded-streets-Dec31.geojson,80.200841,12.964943
27342788,living_street,1,chennai-flooded-streets-Dec31.geojson,80.211009,12.9942
27370368,unclassified,1,chennai-flooded-streets-Dec31.geojson,80.205519,12.962276
27370004,living_street,1,chennai-flooded-streets-Dec31.geojson,80.200088,12.998596
384311360,unclassified,1,chennai-flooded-streets-Dec31.geojson,80.198886,12.949042
213357584,residential,1,chennai-flooded-streets-Dec31.geojson,80.196413,12.961597
102470560,primary,1,chennai-flooded-streets-Dec31.geojson,80.235828,12.940154
206653760,residential,1,chennai-flooded-streets-Dec31.geojson,80.197826,12.978268
203214368,residential,1,chennai-flooded-streets-Dec31.geojson,80.200023,12.941621
28305018,residential,1,chennai-flooded-streets-Dec31.geojson,80.189037,12.979574
194466512,residential,1,chennai-flooded-streets-Dec31.geojson,80.192336,12.911978
132510304,service,1,chennai-flooded-streets-Dec31.geojson,80.239677,12.978186
213357584,residential,1,chennai-flooded-streets-Dec31.geojson,80.200731,12.959825
219391440,residential,1,chennai-flooded-streets-Dec31.geojson,80.215931,12.946935
27630180,residential,1,chennai-flooded-streets-Dec31.geojson,80.183393,12.950861
30606828,living_street,1,chennai-flooded-streets-Dec31.geojson,80.215923,12.99392
30604286,residential,1,chennai-flooded-streets-Dec31.geojson,80.221996,12.969765
30609134,unclassified,1,chennai-flooded-streets-Dec31.geojson,80.233103,12.978654
194606240,unclassified,1,chennai-flooded-streets-Dec31.geojson,80.192373,12.918739
27319596,residential,1,chennai-flooded-streets-Dec31.geojson,80.211009,12.978056
208378352,residential,1,chennai-flooded-streets-Dec31.geojson,80.211862,12.931562
27342776,residential,1,chennai-flooded-streets-Dec31.geojson,80.208308,12.994535
155204896,service,1,chennai-flooded-streets-Dec31.geojson,80.247522,12.988014
194581344,residential,1,chennai-flooded-streets-Dec31.geojson,80.189375,12.910415
179311248,residential,1,chennai-flooded-streets-Dec31.geojson,80.185429,12.937694
209549888,primary,1,chennai-flooded-streets-Dec31.geojson,80.219027,12.971276
385029632,unclassified,1,chennai-flooded-streets-Dec31.geojson,80.184002,12.955927
27354984,residential,1,chennai-flooded-streets-Dec31.geojson,80.22629,12.98184
27442688,unclassified,1,chennai-flooded-streets-Dec31.geojson,80.183973,12.951196
312880576,tertiary,1,chennai-flooded-streets-Dec31.geojson,80.200023,12.94624
183979600,unclassified,1,chennai-flooded-streets-Dec31.geojson,80.240385,12.958463
28571972,residential,1,chennai-flooded-streets-Dec31.geojson,80.218989,12.973795
208812496,residential,1,chennai-flooded-streets-Dec31.geojson,80.232164,12.934994
27320014,residential,1,chennai-flooded-streets-Dec31.geojson,80.201203,12.977293
27354128,unclassified,1,chennai-flooded-streets-Dec31.geojson,80.211353,12.982815
203490048,unclassified,1,chennai-flooded-streets-Dec31.geojson,80.186274,12.971417
27320100,residential,1,chennai-flooded-streets-Dec31.geojson,80.20484,12.969302
183386144,primary,1,chennai-flooded-streets-Dec31.geojson,80.189037,12.917923
354345632,residential,1,chennai-flooded-streets-Dec31.geojson,80.189021,12.981924
151247568,residential,1,chennai-flooded-streets-Dec31.geojson,80.227148,12.975317
206658400,residential,1,chennai-flooded-streets-Dec31.geojson,80.209317,12.977972
378400832,residential,1,chennai-flooded-streets-Dec31.geojson,80.233814,12.943916
213364176,residential,1,chennai-flooded-streets-Dec31.geojson,80.200436,12.968181
28529808,track,1,chennai-flooded-streets-Dec31.geojson,80.17805,12.97188
232404736,residential,1,chennai-flooded-streets-Dec31.geojson,80.199546,12.953899
371968896,residential,1,chennai-flooded-streets-Dec31.geojson,80.214244,12.937846
225252416,residential,1,chennai-flooded-streets-Dec31.geojson,80.23508,12.950056
30596872,unclassified,1,chennai-flooded-streets-Dec31.geojson,80.200366,12.972439
179310000,residential,1,chennai-flooded-streets-Dec31.geojson,80.18996,12.938988
27630122,residential,1,chennai-flooded-streets-Dec31.geojson,80.197118,12.954134
206807744,residential,1,chennai-flooded-streets-Dec31.geojson,80.227886,12.976038
27274050,residential,1,chennai-flooded-streets-Dec31.geojson,80.204894,12.98396
27630134,unclassified,1,chennai-flooded-streets-Dec31.geojson,80.187932,12.956918
28571978,residential,1,chennai-flooded-streets-Dec31.geojson,80.216465,12.974229
203490048,unclassified,1,chennai-flooded-streets-Dec31.geojson,80.185566,12.976838
206634192,unclassified,1,chennai-flooded-streets-Dec31.geojson,80.214995,12.961166
27342788,living_street,1,chennai-flooded-streets-Dec31.geojson,80.210151,12.994346
182319248,unclassified,1,chennai-flooded-streets-Dec31.geojson,80.187516,12.987373
312877984,pedestrian,1,chennai-flooded-streets-Dec31.geojson,80.194015,12.986184
305118304,residential,1,chennai-flooded-streets-Dec31.geojson,80.198725,12.919073
102470560,primary,1,chennai-flooded-streets-Dec31.geojson,80.230576,12.923421
371971648,residential,1,chennai-flooded-streets-Dec31.geojson,80.210207,12.938636
25689682,unclassified,1,chennai-flooded-streets-Dec31.geojson,80.188331,12.99402
183979552,living_street,1,chennai-flooded-streets-Dec31.geojson,80.23302,12.968701
30596876,unclassified,1,chennai-flooded-streets-Dec31.geojson,80.199186,12.974478
355766176,residential,1,chennai-flooded-streets-Dec31.geojson,80.182444,12.939124
30596868,unclassified,1,chennai-flooded-streets-Dec31.geojson,80.20565,12.970154
27359930,residential,1,chennai-flooded-streets-Dec31.geojson,80.193079,12.988361
0,residential,1,chennai-flooded-streets-Dec31.geojson,80.223702,12.981344
179388720,unclassified,1,chennai-flooded-streets-Dec31.geojson,80.198065,12.943043
232405504,residential,1,chennai-flooded-streets-Dec31.geojson,80.210079,12.976851
30609144,unclassified,1,chennai-flooded-streets-Dec31.geojson,80.231129,12.979663
27360702,residential,1,chennai-flooded-streets-Dec31.geojson,80.18584,12.983806
189488976,unclassified,1,chennai-flooded-streets-Dec31.geojson,80.219405,12.90803
219390032,residential,1,chennai-flooded-streets-Dec31.geojson,80.204897,12.945247
183979552,living_street,1,chennai-flooded-streets-Dec31.geojson,80.236946,12.97546
208812512,residential,1,chennai-flooded-streets-Dec31.geojson,80.229222,12.93078
30610632,unclassified,1,chennai-flooded-streets-Dec31.geojson,80.210315,12.98298
206653792,residential,1,chennai-flooded-streets-Dec31.geojson,80.190971,12.97816
164454784,residential,1,chennai-flooded-streets-Dec31.geojson,80.194841,12.962412
27344680,residential,1,chennai-flooded-streets-Dec31.geojson,80.210739,12.976908
98639480,unclassified,1,chennai-flooded-streets-Dec31.geojson,80.229302,12.977238
219391440,residential,1,chennai-flooded-streets-Dec31.geojson,80.211111,12.943174
25562280,residential,1,chennai-flooded-streets-Dec31.geojson,80.19078,12.97098
27319408,residential,1,chennai-flooded-streets-Dec31.geojson,80.211353,12.966244
312878624,steps,1,chennai-flooded-streets-Dec31.geojson,80.18824,12.99051
208378400,residential,1,chennai-flooded-streets-Dec31.geojson,80.209996,12.934351
325034400,residential,1,chennai-flooded-streets-Dec31.geojson,80.241546,12.948616
361730144,secondary,1,chennai-flooded-streets-Dec31.geojson,80.201268,12.993562
132191984,secondary,1,chennai-flooded-streets-Dec31.geojson,80.243234,12.981365
206637728,residential,1,chennai-flooded-streets-Dec31.geojson,80.215218,12.967034
208808736,residential,1,chennai-flooded-streets-Dec31.geojson,80.198843,12.90803
30606820,residential,1,chennai-flooded-streets-Dec31.geojson,80.210006,12.987042
27344908,unclassified,1,chennai-flooded-streets-Dec31.geojson,80.212509,12.995541
213364208,residential,1,chennai-flooded-streets-Dec31.geojson,80.220218,12.979556
27319920,residential,1,chennai-flooded-streets-Dec31.geojson,80.21808,12.971801
378400832,residential,1,chennai-flooded-streets-Dec31.geojson,80.232982,12.941524
213368944,living_street,1,chennai-flooded-streets-Dec31.geojson,80.237429,12.976587
194472624,residential,1,chennai-flooded-streets-Dec31.geojson,80.193935,12.906203
25562376,residential,1,chennai-flooded-streets-Dec31.geojson,80.18636,12.982076
27344948,unclassified,1,chennai-flooded-streets-Dec31.geojson,80.209397,12.996521
25594772,residential,1,chennai-flooded-streets-Dec31.geojson,80.182836,12.980233
27442690,unclassified,1,chennai-flooded-streets-Dec31.geojson,80.180864,12.951196
189488688,unclassified,1,chennai-flooded-streets-Dec31.geojson,80.228165,12.904143
35457676,tertiary,1,chennai-flooded-streets-Dec31.geojson,80.240125,12.938364
219390032,living_street,1,chennai-flooded-streets-Dec31.geojson,80.206254,12.94246
132509248,residential,1,chennai-flooded-streets-Dec31.geojson,80.220443,12.971012
296215456,residential,1,chennai-flooded-streets-Dec31.geojson,80.208646,12.983733
203214368,residential,1,chennai-flooded-streets-Dec31.geojson,80.203574,12.942068
206673872,residential,1,chennai-flooded-streets-Dec31.geojson,80.200023,12.980967
213364208,residential,1,chennai-flooded-streets-Dec31.geojson,80.213013,12.9727
179392976,residential,1,chennai-flooded-streets-Dec31.geojson,80.18938,12.958369
27352060,residential,1,chennai-flooded-streets-Dec31.geojson,80.191022,12.976919
27344728,residential,1,chennai-flooded-streets-Dec31.geojson,80.192553,12.986218
183275856,residential,1,chennai-flooded-streets-Dec31.geojson,80.200023,12.936296
208812512,residential,1,chennai-flooded-streets-Dec31.geojson,80.233325,12.929044
82874912,unclassified,1,chennai-flooded-streets-Dec31.geojson,80.210503,12.93531
184109536,primary,1,chennai-flooded-streets-Dec31.geojson,80.230649,12.923217
208812480,residential,1,chennai-flooded-streets-Dec31.geojson,80.229093,12.929614
180214416,living_street,1,chennai-flooded-streets-Dec31.geojson,80.182264,12.940154
189488976,unclassified,1,chennai-flooded-streets-Dec31.geojson,80.228846,12.911013
84099125,unclassified,1,chennai-flooded-streets-Dec31.geojson,80.202831,12.958246
27344672,residential,1,chennai-flooded-streets-Dec31.geojson,80.213603,12.973767
28125474,residential,1,chennai-flooded-streets-Dec31.geojson,80.188366,12.981934
27369892,unclassified,1,chennai-flooded-streets-Dec31.geojson,80.185298,12.98897
385787774,unclassified,1,chennai-flooded-streets-Dec31.geojson,80.204757,12.903309
213368960,living_street,1,chennai-flooded-streets-Dec31.geojson,80.233414,12.976312
30029234,track,1,chennai-flooded-streets-Dec31.geojson,80.219778,12.992601
30609152,unclassified,1,chennai-flooded-streets-Dec31.geojson,80.225332,12.981331
27359680,residential,1,chennai-flooded-streets-Dec31.geojson,80.20594,12.972609
30610142,unclassified,1,chennai-flooded-streets-Dec31.geojson,80.242305,12.982287
28571972,residential,1,chennai-flooded-streets-Dec31.geojson,80.219539,12.973884
30604286,residential,1,chennai-flooded-streets-Dec31.geojson,80.220445,12.970113
192882384,residential,1,chennai-flooded-streets-Dec31.geojson,80.208848,12.941647
325034368,residential,1,chennai-flooded-streets-Dec31.geojson,80.243172,12.943325
25116982,secondary,1,chennai-flooded-streets-Dec31.geojson,80.200366,12.907588
27343720,residential,1,chennai-flooded-streets-Dec31.geojson,80.217889,12.985622
28500940,residential,1,chennai-flooded-streets-Dec31.geojson,80.184668,12.971435
34598904,unclassified,1,chennai-flooded-streets-Dec31.geojson,80.233325,12.929917
189492656,unclassified,1,chennai-flooded-streets-Dec31.geojson,80.236788,12.945406
35457764,unclassified,1,chennai-flooded-streets-Dec31.geojson,80.236842,12.935339
132509256,unclassified,1,chennai-flooded-streets-Dec31.geojson,80.226894,12.979357
27354992,unclassified,1,chennai-flooded-streets-Dec31.geojson,80.22761,12.983314
103716672,primary,1,chennai-flooded-streets-Dec31.geojson,80.193361,12.992786
197488608,residential,1,chennai-flooded-streets-Dec31.geojson,80.205076,12.923779
25689604,unclassified,1,chennai-flooded-streets-Dec31.geojson,80.196464,12.972342
30029232,track,1,chennai-flooded-streets-Dec31.geojson,80.233698,12.99547
27359752,residential,1,chennai-flooded-streets-Dec31.geojson,80.205031,12.967303
103730472,unclassified,1,chennai-flooded-streets-Dec31.geojson,80.196582,12.992935
179310848,residential,1,chennai-flooded-streets-Dec31.geojson,80.1885,12.933065
32551440,unclassified,1,chennai-flooded-streets-Dec31.geojson,80.215054,12.994887
371995360,residential,1,chennai-flooded-streets-Dec31.geojson,80.212568,12.93804
25561948,unclassified,1,chennai-flooded-streets-Dec31.geojson,80.189876,12.969025
0,residential,1,chennai-flooded-streets-Dec31.geojson,80.208697,12.930215
318725696,residential,1,chennai-flooded-streets-Dec31.geojson,80.217742,12.979438
27342714,residential,1,chennai-flooded-streets-Dec31.geojson,80.201922,12.991743
164933728,unclassified,1,chennai-flooded-streets-Dec31.geojson,80.228763,12.97418
384311360,track,1,chennai-flooded-streets-Dec31.geojson,80.200023,12.949696
305119008,residential,1,chennai-flooded-streets-Dec31.geojson,80.198336,12.918313
208808640,residential,1,chennai-flooded-streets-Dec31.geojson,80.190279,12.92369
183983392,unclassified,1,chennai-flooded-streets-Dec31.geojson,80.241954,12.952453
27319908,residential,1,chennai-flooded-streets-Dec31.geojson,80.216594,12.982651
325034368,living_street,1,chennai-flooded-streets-Dec31.geojson,80.242995,12.938737
27370156,residential,1,chennai-flooded-streets-Dec31.geojson,80.21455,12.985087
27369884,residential,1,chennai-flooded-streets-Dec31.geojson,80.188806,12.990107
84106288,primary,1,chennai-flooded-streets-Dec31.geojson,80.211106,12.948399
27354216,residential,1,chennai-flooded-streets-Dec31.geojson,80.212512,12.983921
317575456,unclassified,1,chennai-flooded-streets-Dec31.geojson,80.208668,12.982962
179306592,residential,1,chennai-flooded-streets-Dec31.geojson,80.19799,12.949539
31805768,unclassified,1,chennai-flooded-streets-Dec31.geojson,80.236515,12.942711
102469904,primary,1,chennai-flooded-streets-Dec31.geojson,80.195716,12.987107
132509256,unclassified,1,chennai-flooded-streets-Dec31.geojson,80.223498,12.971446
27344664,residential,1,chennai-flooded-streets-Dec31.geojson,80.21602,12.980562
208808688,residential,1,chennai-flooded-streets-Dec31.geojson,80.205307,12.931156
208378384,residential,1,chennai-flooded-streets-Dec31.geojson,80.214295,12.934814
133604296,residential,1,chennai-flooded-streets-Dec31.geojson,80.189294,12.975832
206634197,residential,1,chennai-flooded-streets-Dec31.geojson,80.21573,12.963667
27319410,residential,1,chennai-flooded-streets-Dec31.geojson,80.211707,12.966728
27630084,unclassified,1,chennai-flooded-streets-Dec31.geojson,80.200366,12.95323
30029364,service,1,chennai-flooded-streets-Dec31.geojson,80.235018,12.986749
194581360,residential,1,chennai-flooded-streets-Dec31.geojson,80.183176,12.918739
179255376,residential,1,chennai-flooded-streets-Dec31.geojson,80.199752,12.948242
27343664,residential,1,chennai-flooded-streets-Dec31.geojson,80.208966,12.979692
27630368,residential,1,chennai-flooded-streets-Dec31.geojson,80.241895,12.980447
325034368,residential,1,chennai-flooded-streets-Dec31.geojson,80.241592,12.946998
30604296,unclassified,1,chennai-flooded-streets-Dec31.geojson,80.22195,12.975751
27319828,residential,1,chennai-flooded-streets-Dec31.geojson,80.212823,12.979193
325034400,residential,1,chennai-flooded-streets-Dec31.geojson,80.244312,12.948187
206634192,residential,1,chennai-flooded-streets-Dec31.geojson,80.214558,12.965173
27342766,residential,1,chennai-flooded-streets-Dec31.geojson,80.210014,12.992661
30597413,unclassified,1,chennai-flooded-streets-Dec31.geojson,80.213925,12.96397
35457640,living_street,1,chennai-flooded-streets-Dec31.geojson,80.242917,12.940489
132509264,unclassified,1,chennai-flooded-streets-Dec31.geojson,80.223509,12.972609
27319968,residential,1,chennai-flooded-streets-Dec31.geojson,80.208654,12.983461
208378432,residential,1,chennai-flooded-streets-Dec31.geojson,80.211009,12.935133
183979552,living_street,1,chennai-flooded-streets-Dec31.geojson,80.237907,12.972609
133604296,residential,1,chennai-flooded-streets-Dec31.geojson,80.190083,12.980055
184468432,primary_link,1,chennai-flooded-streets-Dec31.geojson,80.208418,12.94854
27630064,residential,1,chennai-flooded-streets-Dec31.geojson,80.185593,12.959846
239287242,trunk,1,chennai-flooded-streets-Dec31.geojson,80.200366,13.002122
27370406,residential,1,chennai-flooded-streets-Dec31.geojson,80.200184,12.958897
25504610,tertiary,1,chennai-flooded-streets-Dec31.geojson,80.183066,12.972609
208808704,residential,1,chennai-flooded-streets-Dec31.geojson,80.206506,12.924848
25689682,unclassified,1,chennai-flooded-streets-Dec31.geojson,80.18938,12.995692
27369672,unclassified,1,chennai-flooded-streets-Dec31.geojson,80.18938,12.963928
206850400,track,1,chennai-flooded-streets-Dec31.geojson,80.221328,12.998099
206673808,residential,1,chennai-flooded-streets-Dec31.geojson,80.216323,12.976085
325034400,residential,1,chennai-flooded-streets-Dec31.geojson,80.245224,12.948046
206835312,living_street,1,chennai-flooded-streets-Dec31.geojson,80.235788,12.974465
27319430,residential,1,chennai-flooded-streets-Dec31.geojson,80.211353,12.969438
163421424,living_street,1,chennai-flooded-streets-Dec31.geojson,80.219045,12.976312
179306624,residential,1,chennai-flooded-streets-Dec31.geojson,80.198435,12.949696
27442600,unclassified,1,chennai-flooded-streets-Dec31.geojson,80.201284,12.957232
27442608,residential,1,chennai-flooded-streets-Dec31.geojson,80.203143,12.961754
206807744,residential,1,chennai-flooded-streets-Dec31.geojson,80.224544,12.970416
27343680,residential,1,chennai-flooded-streets-Dec31.geojson,80.202448,12.978487
27344668,residential,1,chennai-flooded-streets-Dec31.geojson,80.213091,12.97362
27442664,unclassified,1,chennai-flooded-streets-Dec31.geojson,80.20218,12.956267
183402752,unclassified,1,chennai-flooded-streets-Dec31.geojson,80.207686,12.943087
206634192,residential,1,chennai-flooded-streets-Dec31.geojson,80.214322,12.964665
30598642,unclassified,1,chennai-flooded-streets-Dec31.geojson,80.214794,12.971963
178115200,residential,1,chennai-flooded-streets-Dec31.geojson,80.193465,12.944619
183979568,living_street,1,chennai-flooded-streets-Dec31.geojson,80.237679,12.972609
27369680,unclassified,1,chennai-flooded-streets-Dec31.geojson,80.180802,12.960739
201773696,unclassified,1,chennai-flooded-streets-Dec31.geojson,80.184955,12.990763
25562660,residential,1,chennai-flooded-streets-Dec31.geojson,80.185542,12.97684
206642416,secondary,1,chennai-flooded-streets-Dec31.geojson,80.209022,12.964953
131909328,residential,1,chennai-flooded-streets-Dec31.geojson,80.211959,12.974993
132065400,unclassified,1,chennai-flooded-streets-Dec31.geojson,80.244843,12.972609
206653808,unclassified,1,chennai-flooded-streets-Dec31.geojson,80.202145,12.973798
27370272,residential,1,chennai-flooded-streets-Dec31.geojson,80.228685,12.976867
194581360,residential,1,chennai-flooded-streets-Dec31.geojson,80.189353,12.911254
206811728,track,1,chennai-flooded-streets-Dec31.geojson,80.22408,12.992935
83603944,unclassified,1,chennai-flooded-streets-Dec31.geojson,80.194597,12.908365
27320352,residential,1,chennai-flooded-streets-Dec31.geojson,80.202966,12.981791
30609730,unclassified,1,chennai-flooded-streets-Dec31.geojson,80.235707,12.980181
213364176,residential,1,chennai-flooded-streets-Dec31.geojson,80.20005,12.968633
30025540,service,1,chennai-flooded-streets-Dec31.geojson,80.238148,12.996129
194466912,residential,1,chennai-flooded-streets-Dec31.geojson,80.197151,12.90803
132509264,unclassified,1,chennai-flooded-streets-Dec31.geojson,80.222943,12.971872
208378480,residential,1,chennai-flooded-streets-Dec31.geojson,80.216564,12.937708
27319894,residential,1,chennai-flooded-streets-Dec31.geojson,80.210307,12.978767
34598784,unclassified,1,chennai-flooded-streets-Dec31.geojson,80.234972,12.929447
194581360,residential,1,chennai-flooded-streets-Dec31.geojson,80.188248,12.910428
27343720,residential,1,chennai-flooded-streets-Dec31.geojson,80.216248,12.984765
32551436,living_street,1,chennai-flooded-streets-Dec31.geojson,80.215221,12.995222
27442664,residential,1,chennai-flooded-streets-Dec31.geojson,80.207732,12.955739
27370224,residential,1,chennai-flooded-streets-Dec31.geojson,80.213493,12.974768
28571968,residential,1,chennai-flooded-streets-Dec31.geojson,80.216438,12.973019
294991982,residential,1,chennai-flooded-streets-Dec31.geojson,80.187478,12.921994
27319996,residential,1,chennai-flooded-streets-Dec31.geojson,80.204282,12.982212
28125430,residential,1,chennai-flooded-streets-Dec31.geojson,80.183638,12.971597
198549088,primary,1,chennai-flooded-streets-Dec31.geojson,80.200023,12.948616
0,residential,1,chennai-flooded-streets-Dec31.geojson,80.207828,12.956633
27630092,residential,1,chennai-flooded-streets-Dec31.geojson,80.202083,12.954916
219391440,residential,1,chennai-flooded-streets-Dec31.geojson,80.215119,12.943134
317443200,unclassified,1,chennai-flooded-streets-Dec31.geojson,80.18617,12.963555
25562488,residential,1,chennai-flooded-streets-Dec31.geojson,80.197547,12.981503
27320096,residential,1,chennai-flooded-streets-Dec31.geojson,80.213217,12.983314
23079580,tertiary,1,chennai-flooded-streets-Dec31.geojson,80.217854,12.984242
25562376,residential,1,chennai-flooded-streets-Dec31.geojson,80.1878,12.983189
30604294,unclassified,1,chennai-flooded-streets-Dec31.geojson,80.221996,12.974959
27354984,residential,1,chennai-flooded-streets-Dec31.geojson,80.223747,12.980421
132509248,unclassified,1,chennai-flooded-streets-Dec31.geojson,80.227835,12.978422
108401688,residential,1,chennai-flooded-streets-Dec31.geojson,80.193154,12.991249
29503232,residential,1,chennai-flooded-streets-Dec31.geojson,80.224284,12.985492
164454784,residential,1,chennai-flooded-streets-Dec31.geojson,80.194914,12.961939
27319930,tertiary,1,chennai-flooded-streets-Dec31.geojson,80.222339,12.968202
27342704,residential,1,chennai-flooded-streets-Dec31.geojson,80.201667,12.990497
30609148,residential,1,chennai-flooded-streets-Dec31.geojson,80.225273,12.982857
27370180,residential,1,chennai-flooded-streets-Dec31.geojson,80.214266,12.97769
27630128,residential,1,chennai-flooded-streets-Dec31.geojson,80.197137,12.954866
27344656,residential,1,chennai-flooded-streets-Dec31.geojson,80.208756,12.997355
219391440,residential,1,chennai-flooded-streets-Dec31.geojson,80.21205,12.941195
206806160,residential,1,chennai-flooded-streets-Dec31.geojson,80.230689,12.967925
235920576,rail,1,chennai-flooded-streets-Dec31.geojson,80.232982,12.976822
305118304,residential,1,chennai-flooded-streets-Dec31.geojson,80.198615,12.91911
30015056,unclassified,1,chennai-flooded-streets-Dec31.geojson,80.209596,12.990596
27319988,residential,1,chennai-flooded-streets-Dec31.geojson,80.200366,12.98132
184469840,living_street,1,chennai-flooded-streets-Dec31.geojson,80.212485,12.963811
27483296,unclassified,1,chennai-flooded-streets-Dec31.geojson,80.196198,12.997114
179312176,residential,1,chennai-flooded-streets-Dec31.geojson,80.183064,12.944933
27344676,residential,1,chennai-flooded-streets-Dec31.geojson,80.212495,12.972274
206656480,unclassified,1,chennai-flooded-streets-Dec31.geojson,80.244247,12.98418
27319958,residential,1,chennai-flooded-streets-Dec31.geojson,80.204119,12.990314
98639504,unclassified,1,chennai-flooded-streets-Dec31.geojson,80.232955,12.977034
194605344,residential,1,chennai-flooded-streets-Dec31.geojson,80.199186,12.906341
27369016,unclassified,1,chennai-flooded-streets-Dec31.geojson,80.229265,12.980795
27320152,residential,1,chennai-flooded-streets-Dec31.geojson,80.215575,12.977408
27344732,residential,1,chennai-flooded-streets-Dec31.geojson,80.193849,12.985596
206637728,residential,1,chennai-flooded-streets-Dec31.geojson,80.215274,12.967172
208813632,residential,1,chennai-flooded-streets-Dec31.geojson,80.239655,12.929112
27369688,unclassified,1,chennai-flooded-streets-Dec31.geojson,80.182632,12.965348
28571970,residential,1,chennai-flooded-streets-Dec31.geojson,80.218034,12.971354
27320000,residential,1,chennai-flooded-streets-Dec31.geojson,80.200079,12.985191
27360554,residential,1,chennai-flooded-streets-Dec31.geojson,80.190222,12.988607
25774722,residential,1,chennai-flooded-streets-Dec31.geojson,80.189136,12.971827
25774732,residential,1,chennai-flooded-streets-Dec31.geojson,80.190407,12.97395
27319896,residential,1,chennai-flooded-streets-Dec31.geojson,80.211696,12.978181
179250320,residential,1,chennai-flooded-streets-Dec31.geojson,80.18239,12.935457
206653776,residential,1,chennai-flooded-streets-Dec31.geojson,80.196673,12.977515
354099040,residential,1,chennai-flooded-streets-Dec31.geojson,80.201233,12.97872
27369802,unclassified,1,chennai-flooded-streets-Dec31.geojson,80.189037,12.968275
27351840,residential,1,chennai-flooded-streets-Dec31.geojson,80.193116,12.978095
184719136,residential,1,chennai-flooded-streets-Dec31.geojson,80.243848,12.957475
27344668,residential,1,chennai-flooded-streets-Dec31.geojson,80.213633,12.973362
32255976,trunk,1,chennai-flooded-streets-Dec31.geojson,80.189294,12.996139
27345524,living_street,1,chennai-flooded-streets-Dec31.geojson,80.200887,12.997692
179259792,primary,1,chennai-flooded-streets-Dec31.geojson,80.200366,12.92843
184719136,residential,1,chennai-flooded-streets-Dec31.geojson,80.240259,12.95719
219391440,residential,1,chennai-flooded-streets-Dec31.geojson,80.213729,12.94121
28540960,unclassified,1,chennai-flooded-streets-Dec31.geojson,80.186019,12.986461
28534336,unclassified,1,chennai-flooded-streets-Dec31.geojson,80.206755,12.995449
179310192,residential,1,chennai-flooded-streets-Dec31.geojson,80.189037,12.938228
27344736,residential,1,chennai-flooded-streets-Dec31.geojson,80.211669,12.984308
208378480,residential,1,chennai-flooded-streets-Dec31.geojson,80.207684,12.932924
237690880,residential,1,chennai-flooded-streets-Dec31.geojson,80.186813,12.985795
27355016,unclassified,1,chennai-flooded-streets-Dec31.geojson,80.229342,12.981621
27319420,residential,1,chennai-flooded-streets-Dec31.geojson,80.21186,12.969038
183403184,living_street,1,chennai-flooded-streets-Dec31.geojson,80.206401,12.941846
325034400,residential,1,chennai-flooded-streets-Dec31.geojson,80.242303,12.943937
213364176,residential,1,chennai-flooded-streets-Dec31.geojson,80.202204,12.977593
371995392,residential,1,chennai-flooded-streets-Dec31.geojson,80.211465,12.938479
307740192,residential,1,chennai-flooded-streets-Dec31.geojson,80.190528,12.937294
28304728,residential,1,chennai-flooded-streets-Dec31.geojson,80.186352,12.978079
27370252,residential,1,chennai-flooded-streets-Dec31.geojson,80.223404,12.974386
208812480,unclassified,1,chennai-flooded-streets-Dec31.geojson,80.233583,12.931556
27370236,residential,1,chennai-flooded-streets-Dec31.geojson,80.218622,12.979833
27344892,living_street,1,chennai-flooded-streets-Dec31.geojson,80.212954,12.993651
132190840,unclassified,1,chennai-flooded-streets-Dec31.geojson,80.243931,12.972274
179276912,residential,1,chennai-flooded-streets-Dec31.geojson,80.19821,12.94808
206673888,residential,1,chennai-flooded-streets-Dec31.geojson,80.219271,12.978116
225395152,tertiary,1,chennai-flooded-streets-Dec31.geojson,80.231115,12.949886
27344736,unclassified,1,chennai-flooded-streets-Dec31.geojson,80.190896,12.990949
179250320,residential,1,chennai-flooded-streets-Dec31.geojson,80.18743,12.929781
27319880,residential,1,chennai-flooded-streets-Dec31.geojson,80.209497,12.975212
27320358,residential,1,chennai-flooded-streets-Dec31.geojson,80.199817,12.981373
102547872,primary,1,chennai-flooded-streets-Dec31.geojson,80.227897,12.901013
28534356,residential,1,chennai-flooded-streets-Dec31.geojson,80.209896,12.99627
108148360,residential,1,chennai-flooded-streets-Dec31.geojson,80.219037,12.972227
189488688,unclassified,1,chennai-flooded-streets-Dec31.geojson,80.230504,12.904054
27370272,unclassified,1,chennai-flooded-streets-Dec31.geojson,80.229302,12.977238
208378352,residential,1,chennai-flooded-streets-Dec31.geojson,80.209996,12.934351
206673904,residential,1,chennai-flooded-streets-Dec31.geojson,80.196839,12.983691
30597360,unclassified,1,chennai-flooded-streets-Dec31.geojson,80.205382,12.974114
30609180,unclassified,1,chennai-flooded-streets-Dec31.geojson,80.233634,12.981527
179253504,secondary,1,chennai-flooded-streets-Dec31.geojson,80.18577,12.950582
208808672,residential,1,chennai-flooded-streets-Dec31.geojson,80.205299,12.931465
27359788,residential,1,chennai-flooded-streets-Dec31.geojson,80.197491,12.970858
27319424,residential,1,chennai-flooded-streets-Dec31.geojson,80.211372,12.964514
194607456,living_street,1,chennai-flooded-streets-Dec31.geojson,80.190308,12.941166
22926955,tertiary,1,chennai-flooded-streets-Dec31.geojson,80.251798,12.986453
132192800,primary,1,chennai-flooded-streets-Dec31.geojson,80.243234,12.981365
198549440,residential,1,chennai-flooded-streets-Dec31.geojson,80.185284,12.953475
198549568,residential,1,chennai-flooded-streets-Dec31.geojson,80.197223,12.951256
208378432,residential,1,chennai-flooded-streets-Dec31.geojson,80.211747,12.933776
208378416,residential,1,chennai-flooded-streets-Dec31.geojson,80.213289,12.933313
27344648,living_street,1,chennai-flooded-streets-Dec31.geojson,80.2062,13.001552
27630332,residential,1,chennai-flooded-streets-Dec31.geojson,80.23994,12.980144
305293376,unclassified,1,chennai-flooded-streets-Dec31.geojson,80.216637,12.996056
232405504,residential,1,chennai-flooded-streets-Dec31.geojson,80.22187,12.974629
206656496,service,1,chennai-flooded-streets-Dec31.geojson,80.243968,12.984172
25553148,residential,1,chennai-flooded-streets-Dec31.geojson,80.188267,12.980735
27352106,residential,1,chennai-flooded-streets-Dec31.geojson,80.194594,12.96689
27319972,residential,1,chennai-flooded-streets-Dec31.geojson,80.217476,12.980338
27360564,residential,1,chennai-flooded-streets-Dec31.geojson,80.19125,12.988743
82881752,primary,1,chennai-flooded-streets-Dec31.geojson,80.18938,12.948768
307740192,residential,1,chennai-flooded-streets-Dec31.geojson,80.190088,12.937532
184429552,primary_link,1,chennai-flooded-streets-Dec31.geojson,80.240447,12.949115
27320016,residential,1,chennai-flooded-streets-Dec31.geojson,80.199666,12.979491
402089165,residential,1,chennai-flooded-streets-Dec31.geojson,80.179072,12.914422
208812528,residential,1,chennai-flooded-streets-Dec31.geojson,80.237657,12.937872
27354930,residential,1,chennai-flooded-streets-Dec31.geojson,80.226083,12.983267
384309408,unclassified,1,chennai-flooded-streets-Dec31.geojson,80.20895,12.959221
27320108,residential,1,chennai-flooded-streets-Dec31.geojson,80.209057,12.966806
27442604,residential,1,chennai-flooded-streets-Dec31.geojson,80.19954,12.95749
325034362,residential,1,chennai-flooded-streets-Dec31.geojson,80.242324,12.937383
27320312,residential,1,chennai-flooded-streets-Dec31.geojson,80.209961,12.986644
179309616,residential,1,chennai-flooded-streets-Dec31.geojson,80.191268,12.93839
189496784,unclassified,1,chennai-flooded-streets-Dec31.geojson,80.218225,12.901719
30598640,unclassified,1,chennai-flooded-streets-Dec31.geojson,80.214765,12.970371
27630084,unclassified,1,chennai-flooded-streets-Dec31.geojson,80.20435,12.952872
108401696,residential,1,chennai-flooded-streets-Dec31.geojson,80.192779,12.991302
27319440,residential,1,chennai-flooded-streets-Dec31.geojson,80.214748,12.966043
213357584,residential,1,chennai-flooded-streets-Dec31.geojson,80.201351,12.958128
206634192,unclassified,1,chennai-flooded-streets-Dec31.geojson,80.21739,12.964378
27342728,residential,1,chennai-flooded-streets-Dec31.geojson,80.20483,12.993521
25117126,tertiary,1,chennai-flooded-streets-Dec31.geojson,80.185309,12.988045
30604304,unclassified,1,chennai-flooded-streets-Dec31.geojson,80.219217,12.990552
213364176,residential,1,chennai-flooded-streets-Dec31.geojson,80.20045,12.968594
194428736,secondary,1,chennai-flooded-streets-Dec31.geojson,80.211009,12.904273
378400832,residential,1,chennai-flooded-streets-Dec31.geojson,80.233325,12.940277
194607040,unclassified,1,chennai-flooded-streets-Dec31.geojson,80.18124,12.949677
225252416,residential,1,chennai-flooded-streets-Dec31.geojson,80.235149,12.950702
28295296,unclassified,1,chennai-flooded-streets-Dec31.geojson,80.181299,12.977261
27353970,residential,1,chennai-flooded-streets-Dec31.geojson,80.202408,12.982546
27319952,unclassified,1,chennai-flooded-streets-Dec31.geojson,80.2076,12.996795
28560880,residential,1,chennai-flooded-streets-Dec31.geojson,80.189082,12.972274
365059616,unclassified,1,chennai-flooded-streets-Dec31.geojson,80.229804,12.979229
52919040,secondary,1,chennai-flooded-streets-Dec31.geojson,80.223219,12.987854
206673856,residential,1,chennai-flooded-streets-Dec31.geojson,80.214314,12.977089
27442600,unclassified,1,chennai-flooded-streets-Dec31.geojson,80.200366,12.957221
27320104,residential,1,chennai-flooded-streets-Dec31.geojson,80.209043,12.965677
27630088,residential,1,chennai-flooded-streets-Dec31.geojson,80.200887,12.954526
27352064,residential,1,chennai-flooded-streets-Dec31.geojson,80.194082,12.970382
208378416,residential,1,chennai-flooded-streets-Dec31.geojson,80.208156,12.93737
30598644,residential,1,chennai-flooded-streets-Dec31.geojson,80.213598,12.973657
179309888,residential,1,chennai-flooded-streets-Dec31.geojson,80.191242,12.93919
208378384,residential,1,chennai-flooded-streets-Dec31.geojson,80.207541,12.936866
206849360,residential,1,chennai-flooded-streets-Dec31.geojson,80.198484,12.996084
30037060,service,1,chennai-flooded-streets-Dec31.geojson,80.233551,12.989995
208378384,residential,1,chennai-flooded-streets-Dec31.geojson,80.215196,12.936265
197488608,residential,1,chennai-flooded-streets-Dec31.geojson,80.203851,12.924158
194466512,residential,1,chennai-flooded-streets-Dec31.geojson,80.192449,12.912836
208378432,residential,1,chennai-flooded-streets-Dec31.geojson,80.215339,12.935885
208812512,residential,1,chennai-flooded-streets-Dec31.geojson,80.234259,12.928751
30029256,residential,1,chennai-flooded-streets-Dec31.geojson,80.228181,12.986315
206807728,residential,1,chennai-flooded-streets-Dec31.geojson,80.226961,12.974313
179312240,residential,1,chennai-flooded-streets-Dec31.geojson,80.183308,12.945819
208812512,residential,1,chennai-flooded-streets-Dec31.geojson,80.230863,12.933538
30610246,unclassified,1,chennai-flooded-streets-Dec31.geojson,80.230378,12.980539
84106336,primary,1,chennai-flooded-streets-Dec31.geojson,80.221073,12.949259
27359814,residential,1,chennai-flooded-streets-Dec31.geojson,80.198352,12.977988
27319920,residential,1,chennai-flooded-streets-Dec31.geojson,80.218104,12.972274
197488608,residential,1,chennai-flooded-streets-Dec31.geojson,80.203776,12.92626
331901984,primary,1,chennai-flooded-streets-Dec31.geojson,80.221543,12.967219
132509240,residential,1,chennai-flooded-streets-Dec31.geojson,80.220317,12.970097
132509248,unclassified,1,chennai-flooded-streets-Dec31.geojson,80.220443,12.971012
27340466,residential,1,chennai-flooded-streets-Dec31.geojson,80.198717,12.987799
385787773,unclassified,1,chennai-flooded-streets-Dec31.geojson,80.205353,12.903199
27343716,residential,1,chennai-flooded-streets-Dec31.geojson,80.214166,12.986158
27344736,residential,1,chennai-flooded-streets-Dec31.geojson,80.18938,12.986694
365059616,unclassified,1,chennai-flooded-streets-Dec31.geojson,80.230316,12.979224
29973072,secondary,1,chennai-flooded-streets-Dec31.geojson,80.201265,12.99402
179259792,primary,1,chennai-flooded-streets-Dec31.geojson,80.202703,12.929447
108401696,residential,1,chennai-flooded-streets-Dec31.geojson,80.19228,12.990706
25562652,residential,1,chennai-flooded-streets-Dec31.geojson,80.184236,12.976634
84099128,residential,1,chennai-flooded-streets-Dec31.geojson,80.203043,12.960295
206653776,residential,1,chennai-flooded-streets-Dec31.geojson,80.196678,12.98045
208812480,residential,1,chennai-flooded-streets-Dec31.geojson,80.230563,12.930077
385787776,unclassified,1,chennai-flooded-streets-Dec31.geojson,80.205771,12.902098
206673840,living_street,1,chennai-flooded-streets-Dec31.geojson,80.208472,12.989754
206632256,residential,1,chennai-flooded-streets-Dec31.geojson,80.199784,12.961722
183720336,living_street,1,chennai-flooded-streets-Dec31.geojson,80.203312,12.936343
27359746,residential,1,chennai-flooded-streets-Dec31.geojson,80.205028,12.969075
30597412,unclassified,1,chennai-flooded-streets-Dec31.geojson,80.207732,12.971717
27442568,residential,1,chennai-flooded-streets-Dec31.geojson,80.195394,12.961422
25594594,tertiary,1,chennai-flooded-streets-Dec31.geojson,80.209518,13.00352
30609128,unclassified,1,chennai-flooded-streets-Dec31.geojson,80.229742,12.974603
208378448,residential,1,chennai-flooded-streets-Dec31.geojson,80.216803,12.938102
30029201,service,1,chennai-flooded-streets-Dec31.geojson,80.231612,12.991963
27360584,residential,1,chennai-flooded-streets-Dec31.geojson,80.188487,12.983897
183979600,living_street,1,chennai-flooded-streets-Dec31.geojson,80.236547,12.973503
206849392,residential,1,chennai-flooded-streets-Dec31.geojson,80.198414,12.997153
178114896,residential,1,chennai-flooded-streets-Dec31.geojson,80.19158,12.942178
30609728,unclassified,1,chennai-flooded-streets-Dec31.geojson,80.23593,12.981145
206673840,living_street,1,chennai-flooded-streets-Dec31.geojson,80.208134,12.990238
325034368,residential,1,chennai-flooded-streets-Dec31.geojson,80.243499,12.936821
30609734,unclassified,1,chennai-flooded-streets-Dec31.geojson,80.237936,12.981216
180149984,living_street,1,chennai-flooded-streets-Dec31.geojson,80.239202,12.929543
206653808,residential,1,chennai-flooded-streets-Dec31.geojson,80.207123,12.978124
27343640,living_street,1,chennai-flooded-streets-Dec31.geojson,80.20822,12.993027
27319898,residential,1,chennai-flooded-streets-Dec31.geojson,80.210661,12.981404
30037052,service,1,chennai-flooded-streets-Dec31.geojson,80.233653,12.988492
30609728,primary,1,chennai-flooded-streets-Dec31.geojson,80.241402,12.981365
27630370,residential,1,chennai-flooded-streets-Dec31.geojson,80.241388,12.979287
27320020,residential,1,chennai-flooded-streets-Dec31.geojson,80.200366,12.971569
194581072,residential,1,chennai-flooded-streets-Dec31.geojson,80.181897,12.918739
34599184,tertiary,1,chennai-flooded-streets-Dec31.geojson,80.239033,12.929306
179250528,residential,1,chennai-flooded-streets-Dec31.geojson,80.189249,12.924409
103716688,primary,1,chennai-flooded-streets-Dec31.geojson,80.193377,12.99248
27344638,residential,1,chennai-flooded-streets-Dec31.geojson,80.200023,12.992778
27274204,residential,1,chennai-flooded-streets-Dec31.geojson,80.205329,12.983335
179312112,residential,1,chennai-flooded-streets-Dec31.geojson,80.183643,12.940693
27345520,residential,1,chennai-flooded-streets-Dec31.geojson,80.189037,12.990374
121014136,primary_link,1,chennai-flooded-streets-Dec31.geojson,80.21735,12.967342
184469904,living_street,1,chennai-flooded-streets-Dec31.geojson,80.210897,12.962363
34598932,unclassified,1,chennai-flooded-streets-Dec31.geojson,80.236195,12.930142
194605328,residential,1,chennai-flooded-streets-Dec31.geojson,80.197971,12.905086
179306416,residential,1,chennai-flooded-streets-Dec31.geojson,80.19711,12.950861
27370266,residential,1,chennai-flooded-streets-Dec31.geojson,80.229501,12.976558
27274150,residential,1,chennai-flooded-streets-Dec31.geojson,80.200023,12.985032
30597410,unclassified,1,chennai-flooded-streets-Dec31.geojson,80.208858,12.972609
325034400,residential,1,chennai-flooded-streets-Dec31.geojson,80.244411,12.937773
189490304,unclassified,1,chennai-flooded-streets-Dec31.geojson,80.228999,12.911319
30597856,unclassified,1,chennai-flooded-streets-Dec31.geojson,80.203314,12.959869
27343672,residential,1,chennai-flooded-streets-Dec31.geojson,80.205557,12.979844
84099128,unclassified,1,chennai-flooded-streets-Dec31.geojson,80.202789,12.960326
213364192,residential,1,chennai-flooded-streets-Dec31.geojson,80.197912,12.981158
192305872,trunk,1,chennai-flooded-streets-Dec31.geojson,80.192245,12.998382
25116982,secondary,1,chennai-flooded-streets-Dec31.geojson,80.227886,12.900908
182052608,residential,1,chennai-flooded-streets-Dec31.geojson,80.187468,12.978929
194581376,residential,1,chennai-flooded-streets-Dec31.geojson,80.194323,12.916239
103730448,unclassified,1,chennai-flooded-streets-Dec31.geojson,80.197038,12.989794
208814272,residential,1,chennai-flooded-streets-Dec31.geojson,80.230858,12.911654
30596872,unclassified,1,chennai-flooded-streets-Dec31.geojson,80.203231,12.973725
27355172,residential,1,chennai-flooded-streets-Dec31.geojson,80.222374,12.97257
30029246,unclassified,1,chennai-flooded-streets-Dec31.geojson,80.222409,12.98868
27344650,living_street,1,chennai-flooded-streets-Dec31.geojson,80.206815,12.999511
189488976,residential,1,chennai-flooded-streets-Dec31.geojson,80.226143,12.90803
179253488,secondary,1,chennai-flooded-streets-Dec31.geojson,80.191352,12.972274
206673808,residential,1,chennai-flooded-streets-Dec31.geojson,80.218361,12.980243
27319434,residential,1,chennai-flooded-streets-Dec31.geojson,80.212109,12.971459
30609760,unclassified,1,chennai-flooded-streets-Dec31.geojson,80.24042,12.98189
26528685,secondary,1,chennai-flooded-streets-Dec31.geojson,80.21205,13.003755
103716704,secondary,1,chennai-flooded-streets-Dec31.geojson,80.201144,12.995776
184110336,primary_link,1,chennai-flooded-streets-Dec31.geojson,80.228012,12.90118
27370286,residential,1,chennai-flooded-streets-Dec31.geojson,80.223096,12.976778
183979520,unclassified,1,chennai-flooded-streets-Dec31.geojson,80.241954,12.965437
27320018,unclassified,1,chennai-flooded-streets-Dec31.geojson,80.195828,12.975236
232404416,residential,1,chennai-flooded-streets-Dec31.geojson,80.185392,12.961568
219390032,residential,1,chennai-flooded-streets-Dec31.geojson,80.204119,12.947121
208378368,residential,1,chennai-flooded-streets-Dec31.geojson,80.211653,12.936777
208812512,residential,1,chennai-flooded-streets-Dec31.geojson,80.23059,12.935263
25504478,unclassified,1,chennai-flooded-streets-Dec31.geojson,80.18938,12.980706
27630132,unclassified,1,chennai-flooded-streets-Dec31.geojson,80.189037,12.957266
208812496,residential,1,chennai-flooded-streets-Dec31.geojson,80.230257,12.92986
208814272,residential,1,chennai-flooded-streets-Dec31.geojson,80.231282,12.910768
27320146,residential,1,chennai-flooded-streets-Dec31.geojson,80.216825,12.979587
180150016,living_street,1,chennai-flooded-streets-Dec31.geojson,80.239698,12.931384
30029248,unclassified,1,chennai-flooded-streets-Dec31.geojson,80.222623,12.98908
27342808,living_street,1,chennai-flooded-streets-Dec31.geojson,80.212297,12.9931
180150016,unclassified,1,chennai-flooded-streets-Dec31.geojson,80.242362,12.930132
198301136,residential,1,chennai-flooded-streets-Dec31.geojson,80.242721,12.939739
206653776,residential,1,chennai-flooded-streets-Dec31.geojson,80.206943,12.977402
371971456,residential,1,chennai-flooded-streets-Dec31.geojson,80.214148,12.938481
30609144,unclassified,1,chennai-flooded-streets-Dec31.geojson,80.229828,12.980097
27360068,residential,1,chennai-flooded-streets-Dec31.geojson,80.199779,12.983118
384311360,unclassified,1,chennai-flooded-streets-Dec31.geojson,80.200023,12.95031
184469904,living_street,1,chennai-flooded-streets-Dec31.geojson,80.212959,12.961537
30609122,unclassified,1,chennai-flooded-streets-Dec31.geojson,80.225402,12.976976
206535376,residential,1,chennai-flooded-streets-Dec31.geojson,80.208539,12.959866
183979584,living_street,1,chennai-flooded-streets-Dec31.geojson,80.237429,12.972609
318725696,residential,1,chennai-flooded-streets-Dec31.geojson,80.21812,12.978717
27442612,residential,1,chennai-flooded-streets-Dec31.geojson,80.204835,12.962512
165641248,living_street,1,chennai-flooded-streets-Dec31.geojson,80.191912,12.973487
206653792,residential,1,chennai-flooded-streets-Dec31.geojson,80.193511,12.974255
27320134,residential,1,chennai-flooded-streets-Dec31.geojson,80.216725,12.981707
208812528,residential,1,chennai-flooded-streets-Dec31.geojson,80.234176,12.92712
27370352,residential,1,chennai-flooded-streets-Dec31.geojson,80.193897,12.964412
194606224,residential,1,chennai-flooded-streets-Dec31.geojson,80.192068,12.921319
206653792,residential,1,chennai-flooded-streets-Dec31.geojson,80.20218,12.977374
27319408,residential,1,chennai-flooded-streets-Dec31.geojson,80.211675,12.966208
210441984,tertiary,1,chennai-flooded-streets-Dec31.geojson,80.185483,12.993926
133602704,residential,1,chennai-flooded-streets-Dec31.geojson,80.190255,12.982049
206647504,residential,1,chennai-flooded-streets-Dec31.geojson,80.199932,12.970113
27343696,residential,1,chennai-flooded-streets-Dec31.geojson,80.205672,12.981035
27630340,residential,1,chennai-flooded-streets-Dec31.geojson,80.240702,12.979211
384311360,unclassified,1,chennai-flooded-streets-Dec31.geojson,80.199157,12.950621
27360452,residential,1,chennai-flooded-streets-Dec31.geojson,80.209489,12.976318
378400832,residential,1,chennai-flooded-streets-Dec31.geojson,80.230807,12.940473
213364176,residential,1,chennai-flooded-streets-Dec31.geojson,80.212576,12.9754
27370268,residential,1,chennai-flooded-streets-Dec31.geojson,80.227717,12.978422
369983648,service,1,chennai-flooded-streets-Dec31.geojson,80.236472,12.942206
206637728,residential,1,chennai-flooded-streets-Dec31.geojson,80.215033,12.96654
204242704,primary,1,chennai-flooded-streets-Dec31.geojson,80.219735,12.991364
213364192,residential,1,chennai-flooded-streets-Dec31.geojson,80.221057,12.980554
208812480,residential,1,chennai-flooded-streets-Dec31.geojson,80.230493,12.933595
386634016,residential,1,chennai-flooded-streets-Dec31.geojson,80.194098,12.949967
132509248,unclassified,1,chennai-flooded-streets-Dec31.geojson,80.223503,12.972358
206658400,residential,1,chennai-flooded-streets-Dec31.geojson,80.211954,12.976511
208813664,residential,1,chennai-flooded-streets-Dec31.geojson,80.241898,12.925531
30596858,residential,1,chennai-flooded-streets-Dec31.geojson,80.204288,12.968923
325034368,residential,1,chennai-flooded-streets-Dec31.geojson,80.24429,12.937033
179309872,residential,1,chennai-flooded-streets-Dec31.geojson,80.191293,12.939407
132509264,residential,1,chennai-flooded-streets-Dec31.geojson,80.224297,12.976522
198549440,residential,1,chennai-flooded-streets-Dec31.geojson,80.185373,12.955454
27320196,residential,1,chennai-flooded-streets-Dec31.geojson,80.217071,12.971966
27370268,residential,1,chennai-flooded-streets-Dec31.geojson,80.228862,12.978024
198549568,residential,1,chennai-flooded-streets-Dec31.geojson,80.197057,12.950731
27360672,residential,1,chennai-flooded-streets-Dec31.geojson,80.18643,12.983267
30597388,tertiary,1,chennai-flooded-streets-Dec31.geojson,80.197472,12.975552
164932560,rail,1,chennai-flooded-streets-Dec31.geojson,80.228358,12.972274
184466048,living_street,1,chennai-flooded-streets-Dec31.geojson,80.183903,12.949703
27319896,residential,1,chennai-flooded-streets-Dec31.geojson,80.21065,12.979159
206807744,residential,1,chennai-flooded-streets-Dec31.geojson,80.223407,12.974742
82881760,primary,1,chennai-flooded-streets-Dec31.geojson,80.211009,12.951115
232405296,residential,1,chennai-flooded-streets-Dec31.geojson,80.206924,12.996212
27342784,residential,1,chennai-flooded-streets-Dec31.geojson,80.208182,12.99351
208812528,residential,1,chennai-flooded-streets-Dec31.geojson,80.229082,12.924665
27480309,secondary,1,chennai-flooded-streets-Dec31.geojson,80.222012,12.98298
325034400,residential,1,chennai-flooded-streets-Dec31.geojson,80.242381,12.948493
179310544,residential,1,chennai-flooded-streets-Dec31.geojson,80.190059,12.937376
133593216,primary,1,chennai-flooded-streets-Dec31.geojson,80.194149,12.917094
208812512,residential,1,chennai-flooded-streets-Dec31.geojson,80.232982,12.934811
27370164,residential,1,chennai-flooded-streets-Dec31.geojson,80.213265,12.980144
194433312,unclassified,1,chennai-flooded-streets-Dec31.geojson,80.18909,12.917769
194606240,unclassified,1,chennai-flooded-streets-Dec31.geojson,80.192542,12.917209
30604308,primary,1,chennai-flooded-streets-Dec31.geojson,80.220794,12.975403
385029632,unclassified,1,chennai-flooded-streets-Dec31.geojson,80.197534,12.953499
25774690,residential,1,chennai-flooded-streets-Dec31.geojson,80.19423,12.973837
30597392,unclassified,1,chennai-flooded-streets-Dec31.geojson,80.200747,12.976145
184110816,primary,1,chennai-flooded-streets-Dec31.geojson,80.231563,12.929781
27360282,residential,1,chennai-flooded-streets-Dec31.geojson,80.200737,12.982246
208378432,residential,1,chennai-flooded-streets-Dec31.geojson,80.21621,12.936712
27320018,unclassified,1,chennai-flooded-streets-Dec31.geojson,80.200023,12.974614
205878752,service,1,chennai-flooded-streets-Dec31.geojson,80.240669,12.986608
30605100,residential,1,chennai-flooded-streets-Dec31.geojson,80.222339,12.977549
325034368,residential,1,chennai-flooded-streets-Dec31.geojson,80.242837,12.93575
132509264,unclassified,1,chennai-flooded-streets-Dec31.geojson,80.221996,12.971451
378400842,residential,1,chennai-flooded-streets-Dec31.geojson,80.235817,12.94011
35458592,tertiary,1,chennai-flooded-streets-Dec31.geojson,80.243386,12.950861
206849376,residential,1,chennai-flooded-streets-Dec31.geojson,80.204637,12.995951
27355064,residential,1,chennai-flooded-streets-Dec31.geojson,80.221827,12.984229
182319248,unclassified,1,chennai-flooded-streets-Dec31.geojson,80.187355,12.986453
84100984,primary,1,chennai-flooded-streets-Dec31.geojson,80.193728,12.991696
27319444,residential,1,chennai-flooded-streets-Dec31.geojson,80.214322,12.964665
27319444,residential,1,chennai-flooded-streets-Dec31.geojson,80.212997,12.967512
179307152,residential,1,chennai-flooded-streets-Dec31.geojson,80.199674,12.947814
325034400,residential,1,chennai-flooded-streets-Dec31.geojson,80.244859,12.947361
108148360,residential,1,chennai-flooded-streets-Dec31.geojson,80.219174,12.972201
206637728,residential,1,chennai-flooded-streets-Dec31.geojson,80.215513,12.967969
371971584,residential,1,chennai-flooded-streets-Dec31.geojson,80.209518,12.93966
27354236,residential,1,chennai-flooded-streets-Dec31.geojson,80.208255,12.982549
27483292,unclassified,1,chennai-flooded-streets-Dec31.geojson,80.195219,12.996999
323060032,unclassified,1,chennai-flooded-streets-Dec31.geojson,80.229525,12.982418
27630104,residential,1,chennai-flooded-streets-Dec31.geojson,80.210339,12.955415
179251392,residential,1,chennai-flooded-streets-Dec31.geojson,80.188559,12.921235
325034400,residential,1,chennai-flooded-streets-Dec31.geojson,80.243081,12.941712
27354252,residential,1,chennai-flooded-streets-Dec31.geojson,80.209832,12.981046
29973082,service,1,chennai-flooded-streets-Dec31.geojson,80.20134,12.995047
28571972,residential,1,chennai-flooded-streets-Dec31.geojson,80.218184,12.972672
179259184,primary,1,chennai-flooded-streets-Dec31.geojson,80.207836,12.943215
179254448,residential,1,chennai-flooded-streets-Dec31.geojson,80.199798,12.94853
30025540,service,1,chennai-flooded-streets-Dec31.geojson,80.239124,12.994851
384312064,unclassified,1,chennai-flooded-streets-Dec31.geojson,80.202389,12.941555
206535376,residential,1,chennai-flooded-streets-Dec31.geojson,80.208601,12.953742
232405728,residential,1,chennai-flooded-streets-Dec31.geojson,80.221344,12.987669
206634208,residential,1,chennai-flooded-streets-Dec31.geojson,80.214644,12.96557
30606840,living_street,1,chennai-flooded-streets-Dec31.geojson,80.216366,12.989096
27342780,residential,1,chennai-flooded-streets-Dec31.geojson,80.208284,12.995104
179309840,residential,1,chennai-flooded-streets-Dec31.geojson,80.189037,12.9396
197487568,residential,1,chennai-flooded-streets-Dec31.geojson,80.202952,12.928072
27630324,residential,1,chennai-flooded-streets-Dec31.geojson,80.242681,12.983453
206809952,residential,1,chennai-flooded-streets-Dec31.geojson,80.227368,12.980743
384311712,unclassified,1,chennai-flooded-streets-Dec31.geojson,80.209073,12.946506
189488688,unclassified,1,chennai-flooded-streets-Dec31.geojson,80.228334,12.906726
183979600,living_street,1,chennai-flooded-streets-Dec31.geojson,80.236367,12.975419
325034368,residential,1,chennai-flooded-streets-Dec31.geojson,80.241707,12.946982
378400832,residential,1,chennai-flooded-streets-Dec31.geojson,80.233806,12.940523
27319974,residential,1,chennai-flooded-streets-Dec31.geojson,80.213265,12.980144
183979600,living_street,1,chennai-flooded-streets-Dec31.geojson,80.234189,12.972609
28305008,residential,1,chennai-flooded-streets-Dec31.geojson,80.189353,12.976488
27370088,residential,1,chennai-flooded-streets-Dec31.geojson,80.214665,12.98298
27370364,residential,1,chennai-flooded-streets-Dec31.geojson,80.204052,12.962862
208812496,residential,1,chennai-flooded-streets-Dec31.geojson,80.231249,12.935564
27343688,residential,1,chennai-flooded-streets-Dec31.geojson,80.205774,12.983887
194581376,tertiary_link,1,chennai-flooded-streets-Dec31.geojson,80.192121,12.91397
201773696,unclassified,1,chennai-flooded-streets-Dec31.geojson,80.185276,12.988142
25562013,unclassified,1,chennai-flooded-streets-Dec31.geojson,80.192027,12.982852
27320102,residential,1,chennai-flooded-streets-Dec31.geojson,80.194015,12.986184
307617568,residential,1,chennai-flooded-streets-Dec31.geojson,80.200366,12.960478
206637728,residential,1,chennai-flooded-streets-Dec31.geojson,80.21547,12.967671
202506080,unclassified,1,chennai-flooded-streets-Dec31.geojson,80.233095,12.930011
32551438,living_street,1,chennai-flooded-streets-Dec31.geojson,80.214982,12.994746
203214272,residential,1,chennai-flooded-streets-Dec31.geojson,80.201557,12.943694
213364208,residential,1,chennai-flooded-streets-Dec31.geojson,80.20038,12.967337
213364192,residential,1,chennai-flooded-streets-Dec31.geojson,80.197572,12.967846
208812512,residential,1,chennai-flooded-streets-Dec31.geojson,80.232923,12.927387
27274220,unclassified,1,chennai-flooded-streets-Dec31.geojson,80.211009,12.993432
194581376,residential,1,chennai-flooded-streets-Dec31.geojson,80.189002,12.915416
30597848,unclassified,1,chennai-flooded-streets-Dec31.geojson,80.201367,12.959649
27319440,residential,1,chennai-flooded-streets-Dec31.geojson,80.213029,12.969919
208378464,residential,1,chennai-flooded-streets-Dec31.geojson,80.21518,12.934555
206849360,living_street,1,chennai-flooded-streets-Dec31.geojson,80.200501,12.998646
30606818,unclassified,1,chennai-flooded-streets-Dec31.geojson,80.210403,12.986618
132509248,unclassified,1,chennai-flooded-streets-Dec31.geojson,80.227677,12.977201
139348416,residential,1,chennai-flooded-streets-Dec31.geojson,80.238202,12.982596
208813632,residential,1,chennai-flooded-streets-Dec31.geojson,80.232848,12.917264
213357584,residential,1,chennai-flooded-streets-Dec31.geojson,80.207831,12.961767
27369836,unclassified,1,chennai-flooded-streets-Dec31.geojson,80.183069,12.978048
206642432,residential,1,chennai-flooded-streets-Dec31.geojson,80.207391,12.968803
30604294,unclassified,1,chennai-flooded-streets-Dec31.geojson,80.221899,12.974964
180150016,unclassified,1,chennai-flooded-streets-Dec31.geojson,80.238674,12.931766
30597864,unclassified,1,chennai-flooded-streets-Dec31.geojson,80.203566,12.959955
206647520,residential,1,chennai-flooded-streets-Dec31.geojson,80.196252,12.968597
132065352,living_street,1,chennai-flooded-streets-Dec31.geojson,80.244156,12.977496
27483296,unclassified,1,chennai-flooded-streets-Dec31.geojson,80.196542,12.99713
27442632,residential,1,chennai-flooded-streets-Dec31.geojson,80.200023,12.963879
30609146,residential,1,chennai-flooded-streets-Dec31.geojson,80.225477,12.979227
31855972,unclassified,1,chennai-flooded-streets-Dec31.geojson,80.194938,12.913322
307617568,residential,1,chennai-flooded-streets-Dec31.geojson,80.201678,12.960857
27342832,living_street,1,chennai-flooded-streets-Dec31.geojson,80.211009,12.992198
25504440,unclassified,1,chennai-flooded-streets-Dec31.geojson,80.202995,12.995049
206634192,residential,1,chennai-flooded-streets-Dec31.geojson,80.214381,12.964862
30610638,unclassified,1,chennai-flooded-streets-Dec31.geojson,80.201107,12.985873
27319908,residential,1,chennai-flooded-streets-Dec31.geojson,80.215416,12.98096
27370294,residential,1,chennai-flooded-streets-Dec31.geojson,80.224308,12.975006
179251264,residential,1,chennai-flooded-streets-Dec31.geojson,80.185663,12.92112
27320116,residential,1,chennai-flooded-streets-Dec31.geojson,80.205473,12.968699
27320196,residential,1,chennai-flooded-streets-Dec31.geojson,80.217023,12.97143
27343706,residential,1,chennai-flooded-streets-Dec31.geojson,80.214311,12.986655
27360538,residential,1,chennai-flooded-streets-Dec31.geojson,80.189037,12.988058
198549760,primary_link,1,chennai-flooded-streets-Dec31.geojson,80.217618,12.96723
30597852,residential,1,chennai-flooded-streets-Dec31.geojson,80.201697,12.960026
179389072,unclassified,1,chennai-flooded-streets-Dec31.geojson,80.198931,12.948587
30609132,unclassified,1,chennai-flooded-streets-Dec31.geojson,80.229313,12.977536
28571976,residential,1,chennai-flooded-streets-Dec31.geojson,80.215041,12.972794
384312064,unclassified,1,chennai-flooded-streets-Dec31.geojson,80.201297,12.94195
27319420,residential,1,chennai-flooded-streets-Dec31.geojson,80.211811,12.968816
189488976,unclassified,1,chennai-flooded-streets-Dec31.geojson,80.222218,12.901233
27319442,residential,1,chennai-flooded-streets-Dec31.geojson,80.214456,12.965107
134417600,primary,1,chennai-flooded-streets-Dec31.geojson,80.193269,12.996701
203214368,residential,1,chennai-flooded-streets-Dec31.geojson,80.203623,12.938779
30604288,unclassified,1,chennai-flooded-streets-Dec31.geojson,80.219939,12.973356
29503188,residential,1,chennai-flooded-streets-Dec31.geojson,80.225273,12.982572
30604292,residential,1,chennai-flooded-streets-Dec31.geojson,80.222615,12.974825
30014198,unclassified,1,chennai-flooded-streets-Dec31.geojson,80.211272,12.995643
325034400,residential,1,chennai-flooded-streets-Dec31.geojson,80.244312,12.947442
288268192,residential,1,chennai-flooded-streets-Dec31.geojson,80.213415,12.96989
27370274,residential,1,chennai-flooded-streets-Dec31.geojson,80.226279,12.975915
194434592,unclassified,1,chennai-flooded-streets-Dec31.geojson,80.189037,12.913693
0,unclassified,1,chennai-flooded-streets-Dec31.geojson,80.191912,12.955222
30598644,residential,1,chennai-flooded-streets-Dec31.geojson,80.2172,12.973194
27344672,residential,1,chennai-flooded-streets-Dec31.geojson,80.213643,12.972609
30598644,residential,1,chennai-flooded-streets-Dec31.geojson,80.216417,12.972653
384311360,unclassified,1,chennai-flooded-streets-Dec31.geojson,80.199259,12.951133
219390032,residential,1,chennai-flooded-streets-Dec31.geojson,80.205272,12.946423
132509264,unclassified,1,chennai-flooded-streets-Dec31.geojson,80.221159,12.972073
27354140,residential,1,chennai-flooded-streets-Dec31.geojson,80.209427,12.983314
30598648,residential,1,chennai-flooded-streets-Dec31.geojson,80.217189,12.973558
364019456,unclassified,1,chennai-flooded-streets-Dec31.geojson,80.199044,12.954785
30609128,unclassified,1,chennai-flooded-streets-Dec31.geojson,80.228873,12.976809
32551440,living_street,1,chennai-flooded-streets-Dec31.geojson,80.214861,12.994524
208808704,residential,1,chennai-flooded-streets-Dec31.geojson,80.205994,12.934048
28226260,unclassified,1,chennai-flooded-streets-Dec31.geojson,80.187081,12.99915
179306480,residential,1,chennai-flooded-streets-Dec31.geojson,80.197802,12.950404
208812496,residential,1,chennai-flooded-streets-Dec31.geojson,80.233773,12.932725
179259792,primary,1,chennai-flooded-streets-Dec31.geojson,80.196048,12.919073
84099760,residential,1,chennai-flooded-streets-Dec31.geojson,80.193382,12.961903
179309648,residential,1,chennai-flooded-streets-Dec31.geojson,80.190187,12.940489
27344670,residential,1,chennai-flooded-streets-Dec31.geojson,80.21783,12.969352
210441984,trunk,1,chennai-flooded-streets-Dec31.geojson,80.185483,12.993926
28124076,residential,1,chennai-flooded-streets-Dec31.geojson,80.195273,12.946951
25562380,residential,1,chennai-flooded-streets-Dec31.geojson,80.18585,12.984193
25619828,rail,1,chennai-flooded-streets-Dec31.geojson,80.233325,12.977031
179253488,secondary,1,chennai-flooded-streets-Dec31.geojson,80.189037,12.96701
378400832,residential,1,chennai-flooded-streets-Dec31.geojson,80.231982,12.938382
27442632,residential,1,chennai-flooded-streets-Dec31.geojson,80.20815,12.963278
27360596,residential,1,chennai-flooded-streets-Dec31.geojson,80.187039,12.98201
132509240,residential,1,chennai-flooded-streets-Dec31.geojson,80.220317,12.970097
206634192,residential,1,chennai-flooded-streets-Dec31.geojson,80.215711,12.964185
27630110,residential,1,chennai-flooded-streets-Dec31.geojson,80.192446,12.954701
151332448,residential,1,chennai-flooded-streets-Dec31.geojson,80.22353,12.973171
27630172,residential,1,chennai-flooded-streets-Dec31.geojson,80.183399,12.950971
27320356,residential,1,chennai-flooded-streets-Dec31.geojson,80.202966,12.981791
204781440,service,1,chennai-flooded-streets-Dec31.geojson,80.240715,12.987039
30596864,unclassified,1,chennai-flooded-streets-Dec31.geojson,80.202365,12.966937
180149968,unclassified,1,chennai-flooded-streets-Dec31.geojson,80.241141,12.929447
27370270,residential,1,chennai-flooded-streets-Dec31.geojson,80.228868,12.977664
22926956,tertiary,1,chennai-flooded-streets-Dec31.geojson,80.244312,12.986216
208813632,residential,1,chennai-flooded-streets-Dec31.geojson,80.231772,12.915866
208378464,residential,1,chennai-flooded-streets-Dec31.geojson,80.216787,12.937148
208378464,residential,1,chennai-flooded-streets-Dec31.geojson,80.196059,12.927857
151247568,residential,1,chennai-flooded-streets-Dec31.geojson,80.226894,12.978035
384308512,unclassified,1,chennai-flooded-streets-Dec31.geojson,80.20921,12.960259
25689604,tertiary,1,chennai-flooded-streets-Dec31.geojson,80.192325,12.974815
219391456,residential,1,chennai-flooded-streets-Dec31.geojson,80.210143,12.942734
384309184,unclassified,1,chennai-flooded-streets-Dec31.geojson,80.190284,12.956131
203215024,residential,1,chennai-flooded-streets-Dec31.geojson,80.201032,12.927251
194433312,unclassified,1,chennai-flooded-streets-Dec31.geojson,80.18909,12.917769
158959680,tertiary,1,chennai-flooded-streets-Dec31.geojson,80.182613,12.939603
27340508,residential,1,chennai-flooded-streets-Dec31.geojson,80.198081,12.984911
30604308,residential,1,chennai-flooded-streets-Dec31.geojson,80.216417,12.985277
325034400,residential,1,chennai-flooded-streets-Dec31.geojson,80.245028,12.946943
27442576,residential,1,chennai-flooded-streets-Dec31.geojson,80.196992,12.960086
208812512,residential,1,chennai-flooded-streets-Dec31.geojson,80.235651,12.929499
27343776,residential,1,chennai-flooded-streets-Dec31.geojson,80.18938,12.97822
325034400,residential,1,chennai-flooded-streets-Dec31.geojson,80.241487,12.935052
232404240,residential,1,chennai-flooded-streets-Dec31.geojson,80.185271,12.962961
198305824,residential,1,chennai-flooded-streets-Dec31.geojson,80.242584,12.938089
27319418,residential,1,chennai-flooded-streets-Dec31.geojson,80.211353,12.968372
232404736,residential,1,chennai-flooded-streets-Dec31.geojson,80.199932,12.955428
192882384,unclassified,1,chennai-flooded-streets-Dec31.geojson,80.205117,12.938306
179253584,secondary,1,chennai-flooded-streets-Dec31.geojson,80.185636,12.950286
194581376,residential,1,chennai-flooded-streets-Dec31.geojson,80.186223,12.911332
198549568,residential,1,chennai-flooded-streets-Dec31.geojson,80.196627,12.950861
27320020,unclassified,1,chennai-flooded-streets-Dec31.geojson,80.201426,12.975413
219391440,residential,1,chennai-flooded-streets-Dec31.geojson,80.212764,12.941822
206658384,residential,1,chennai-flooded-streets-Dec31.geojson,80.210063,12.977567
27320014,residential,1,chennai-flooded-streets-Dec31.geojson,80.200366,12.977246
103730456,unclassified,1,chennai-flooded-streets-Dec31.geojson,80.197153,12.988714
132190832,unclassified,1,chennai-flooded-streets-Dec31.geojson,80.244462,12.971827
48759112,rail,1,chennai-flooded-streets-Dec31.geojson,80.22036,12.961568
27320108,residential,1,chennai-flooded-streets-Dec31.geojson,80.209124,12.967363
27343604,unclassified,1,chennai-flooded-streets-Dec31.geojson,80.211353,12.996134
27370092,residential,1,chennai-flooded-streets-Dec31.geojson,80.21473,12.984065
384310112,unclassified,1,chennai-flooded-streets-Dec31.geojson,80.204795,12.952171
132509248,unclassified,1,chennai-flooded-streets-Dec31.geojson,80.222967,12.972266
194472624,residential,1,chennai-flooded-streets-Dec31.geojson,80.193661,12.90455
27319952,unclassified,1,chennai-flooded-streets-Dec31.geojson,80.209017,12.996602
179306416,residential,1,chennai-flooded-streets-Dec31.geojson,80.19574,12.950733
102559072,secondary,1,chennai-flooded-streets-Dec31.geojson,80.187063,12.957977
213364192,residential,1,chennai-flooded-streets-Dec31.geojson,80.211321,12.983785
194608064,residential,1,chennai-flooded-streets-Dec31.geojson,80.183718,12.934997
27442660,unclassified,1,chennai-flooded-streets-Dec31.geojson,80.201067,12.955778
30029292,service,1,chennai-flooded-streets-Dec31.geojson,80.233414,12.990478
27442654,unclassified,1,chennai-flooded-streets-Dec31.geojson,80.204205,12.959265
27355156,residential,1,chennai-flooded-streets-Dec31.geojson,80.222452,12.975063
34638512,residential,1,chennai-flooded-streets-Dec31.geojson,80.209234,12.96971
28571976,residential,1,chennai-flooded-streets-Dec31.geojson,80.217176,12.972551
30604290,unclassified,1,chennai-flooded-streets-Dec31.geojson,80.22367,12.976174
27342740,living_street,1,chennai-flooded-streets-Dec31.geojson,80.211103,12.989394
205878752,service,1,chennai-flooded-streets-Dec31.geojson,80.242885,12.991513
132510816,service,1,chennai-flooded-streets-Dec31.geojson,80.244502,12.98125
179392704,residential,1,chennai-flooded-streets-Dec31.geojson,80.18978,12.940795
27344684,residential,1,chennai-flooded-streets-Dec31.geojson,80.195844,12.984271
165273136,residential,1,chennai-flooded-streets-Dec31.geojson,80.22253,12.971124
27320194,residential,1,chennai-flooded-streets-Dec31.geojson,80.21301,12.972609
151332448,residential,1,chennai-flooded-streets-Dec31.geojson,80.223503,12.97355
27274004,residential,1,chennai-flooded-streets-Dec31.geojson,80.202475,12.989496
27320020,unclassified,1,chennai-flooded-streets-Dec31.geojson,80.200366,12.975147
30606832,living_street,1,chennai-flooded-streets-Dec31.geojson,80.215628,12.993055
208378480,residential,1,chennai-flooded-streets-Dec31.geojson,80.211691,12.933175
179251280,residential,1,chennai-flooded-streets-Dec31.geojson,80.187516,12.919228
27352120,residential,1,chennai-flooded-streets-Dec31.geojson,80.190566,12.966142
126679760,residential,1,chennai-flooded-streets-Dec31.geojson,80.200844,12.980374
312881280,tertiary,1,chennai-flooded-streets-Dec31.geojson,80.199935,12.99357
210175232,residential,1,chennai-flooded-streets-Dec31.geojson,80.20446,12.96103
30597400,unclassified,1,chennai-flooded-streets-Dec31.geojson,80.202145,12.976069
151332576,residential,1,chennai-flooded-streets-Dec31.geojson,80.226604,12.972977
208808640,residential,1,chennai-flooded-streets-Dec31.geojson,80.210293,12.925159
27370300,residential,1,chennai-flooded-streets-Dec31.geojson,80.223817,12.97517
184469840,residential,1,chennai-flooded-streets-Dec31.geojson,80.214537,12.96304
27320116,residential,1,chennai-flooded-streets-Dec31.geojson,80.192972,12.987959
27319432,residential,1,chennai-flooded-streets-Dec31.geojson,80.211353,12.970481
27355076,residential,1,chennai-flooded-streets-Dec31.geojson,80.219941,12.983701
30036362,unclassified,1,chennai-flooded-streets-Dec31.geojson,80.238459,12.985763
132509264,unclassified,1,chennai-flooded-streets-Dec31.geojson,80.225075,12.974198
151247552,unclassified,1,chennai-flooded-streets-Dec31.geojson,80.227717,12.978422
206632256,residential,1,chennai-flooded-streets-Dec31.geojson,80.197124,12.964801
30604288,unclassified,1,chennai-flooded-streets-Dec31.geojson,80.220344,12.974336
335340224,tertiary,1,chennai-flooded-streets-Dec31.geojson,80.221996,12.984172
371970944,residential,1,chennai-flooded-streets-Dec31.geojson,80.20933,12.952098
132192384,unclassified,1,chennai-flooded-streets-Dec31.geojson,80.207515,12.969872
312881280,tertiary,1,chennai-flooded-streets-Dec31.geojson,80.200023,12.9938
178115184,residential,1,chennai-flooded-streets-Dec31.geojson,80.194002,12.946859
208812496,residential,1,chennai-flooded-streets-Dec31.geojson,80.229098,12.930205
28534340,residential,1,chennai-flooded-streets-Dec31.geojson,80.205084,12.995164
118268016,unclassified,1,chennai-flooded-streets-Dec31.geojson,80.197126,12.921764
85852704,service,1,chennai-flooded-streets-Dec31.geojson,80.214381,12.959469
206632256,residential,1,chennai-flooded-streets-Dec31.geojson,80.198017,12.964775
208378400,residential,1,chennai-flooded-streets-Dec31.geojson,80.212029,12.935501
