{
  "type": "FeatureCollection",
  "features": [
    {
      "type": "Feature",
      "geometry": {
        "type": "Polygon",
        "coordinates": [
          [
            [
              80.24042803249186,
              13.006844039216102
            ],
            [
              80.24129876571611,
              13.006593606214853
            ],
            [
              80.24351680965563,
              13.00647575199929
            ],
            [
              80.24283150396894,
              13.004238715957364
            ],
            [
              80.24382304777491,
              13.004192208821019
            ],
            [
              80.24355860397148,
              13.001537428093267
            ],
            [
              80.24354185944193,
              13.000434026880976
            ],
            [
              80.24352378105122,
              12.999488231750801
            ],
            [
              80.24332224251735,
              12.99864639687965
            ],
            [
              80.2431478970918,
              12.997673382244304
            ],
            [
              80.24314784544157,
              12.99544584373754
            ],
            [
              80.2412719710791,
              12.99578812339184
            ],
            [
              80.24125352458434,
              12.995197755604542
            ],
            [
              80.24139857072828,
              12.994679212909343
            ],
            [
              80.24152576980511,
              12.993499475402059
            ],
            [
              80.24137066915088,
              12.992436071963242
            ],
            [
              80.24057112472913,
              12.987189739213344
            ],
            [
              80.24064604551094,
              12.986647159766683
            ],
            [
              80.24100146774136,
              12.986200727325825
            ],
            [
              80.24098162258247,
              12.985775622596286
            ],
            [
              80.24070291941659,
              12.985466994516218
            ],
            [
              80.23963319191758,
              12.984445248432797
            ],
            [
              80.23890729771774,
              12.984346392386858
            ],
            [
              80.23797262590489,
              12.983986554020769
            ],
            [
              80.23731765630393,
              12.983817298693383
            ],
            [
              80.23691774833604,
              12.983980137873065
            ],
            [
              80.23658836534837,
              12.984119795787644
            ],
            [
              80.23628482179467,
              12.983976288184444
            ],
            [
              80.23600671805609,
              12.98359683307975
            ],
            [
              80.2355927593949,
              12.982649906290636
            ],
            [
              80.23507684166312,
              12.982670378515545
            ],
            [
              80.23460825913133,
              12.9828297571816
            ],
            [
              80.23242426123069,
              12.983182569325797
            ],
            [
              80.23157355173326,
              12.983482475011568
            ],
            [
              80.23218750214087,
              12.984909915990361
            ],
            [
              80.23255913036,
              12.986335883077553
            ],
            [
              80.23261712906887,
              12.986641315855984
            ],
            [
              80.23253532227082,
              12.986762850281085
            ],
            [
              80.23241347268645,
              12.986843463816852
            ],
            [
              80.23176607532642,
              12.986981896782531
            ],
            [
              80.23016975485142,
              12.987094219386536
            ],
            [
              80.22701767305557,
              12.98729877262255
            ],
            [
              80.22402765575265,
              12.98744329559198
            ],
            [
              80.22324182986632,
              12.98723512924132
            ],
            [
              80.22281828240452,
              12.987171537070353
            ],
            [
              80.22239284159448,
              12.987331658723347
            ],
            [
              80.22220937872774,
              12.9875339295085
            ],
            [
              80.2222078296248,
              12.987716968091796
            ],
            [
              80.22210496869822,
              12.98794006779452
            ],
            [
              80.22151660278236,
              12.988261907816279
            ],
            [
              80.22109081772706,
              12.98846270471011
            ],
            [
              80.22074477399957,
              12.988786018623243
            ],
            [
              80.22054301096524,
              12.98876445276004
            ],
            [
              80.22042305472891,
              12.988621352471672
            ],
            [
              80.22032535747901,
              12.988234323563285
            ],
            [
              80.22014413220552,
              12.988172205283751
            ],
            [
              80.21992114292009,
              12.988272542318501
            ],
            [
              80.21927340131495,
              12.988451650524787
            ],
            [
              80.21884847687262,
              12.988550759316722
            ],
            [
              80.21866725159911,
              12.988488641037128
            ],
            [
              80.21858905937474,
              12.98818308543448
            ],
            [
              80.2184335355386,
              12.9874702861271
            ],
            [
              80.21746200919229,
              12.987728779626513
            ],
            [
              80.21606314868772,
              12.988371108602989
            ],
            [
              80.2154739221591,
              12.98879463672665
            ],
            [
              80.21530910370491,
              12.989180068919374
            ],
            [
              80.21559875300353,
              12.990747908052121
            ],
            [
              80.21621528524935,
              12.991870284725222
            ],
            [
              80.21619319838571,
              12.99209387572502
            ],
            [
              80.21554356343248,
              12.992496697755437
            ],
            [
              80.21519872456265,
              12.99267764832595
            ],
            [
              80.21517663769885,
              12.992901239325741
            ],
            [
              80.21567218097306,
              12.99400254143293
            ],
            [
              80.21479904036696,
              12.994566713359108
            ],
            [
              80.21445437361967,
              12.994727326309397
            ],
            [
              80.21449321154793,
              12.99491061054125
            ],
            [
              80.21459349063616,
              12.994992575144103
            ],
            [
              80.21465252208034,
              12.995175982200243
            ],
            [
              80.21448890848404,
              12.995419051050458
            ],
            [
              80.21388207027807,
              12.995537392044307
            ],
            [
              80.2131129954563,
              12.995736100925305
            ],
            [
              80.21272931865826,
              12.995733767263959
            ],
            [
              80.21252944897181,
              12.995488487576793
            ],
            [
              80.21242916988359,
              12.995406522973761
            ],
            [
              80.21218684769542,
              12.995405049082388
            ],
            [
              80.21050682707427,
              12.995862619935687
            ],
            [
              80.21030420342714,
              12.995942742174266
            ],
            [
              80.21032233147216,
              12.996186916443076
            ],
            [
              80.21040190067706,
              12.996329771082708
            ],
            [
              80.2103204381241,
              12.996410630267038
            ],
            [
              80.2100372125366,
              12.996469923588268
            ],
            [
              80.20839947229497,
              12.996704026266004
            ],
            [
              80.20708004250041,
              12.996764799418562
            ],
            [
              80.20790979816013,
              13.000513030945573
            ],
            [
              80.20831221179168,
              13.001382134433657
            ],
            [
              80.20980278372672,
              13.004403861488615
            ],
            [
              80.21174530084055,
              13.007283894794195
            ],
            [
              80.21353492029296,
              13.00886301432629
            ],
            [
              80.21520475864466,
              13.010069981365694
            ],
            [
              80.2212237286175,
              13.012229734592113
            ],
            [
              80.22374643959891,
              13.011107894699336
            ],
            [
              80.22495176575808,
              13.010711709049652
            ],
            [
              80.22820663314722,
              13.009154122164412
            ],
            [
              80.2317086902925,
              13.008515122595902
            ],
            [
              80.23521167877217,
              13.007766078633601
            ],
            [
              80.23539999543475,
              13.007033556988848
            ],
            [
              80.23741063155335,
              13.006165385940443
            ],
            [
              80.23865051659759,
              13.005989510606918
            ],
            [
              80.23912306545931,
              13.006102434878521
            ],
            [
              80.23933880077782,
              13.006433897233798
            ],
            [
              80.23951811454282,
              13.006765138059754
            ],
            [
              80.24042803249186,
              13.006844039216102
            ]
          ]
        ]
      },
      "properties": {
        "ZONE_NO": "XIII",
        "WARD_NO": 174,
        "ZONE_NAME": "ADYAR",
        "POLITICAL_": 329
      }
    },
    {
      "type": "Feature",
      "geometry": {
        "type": "Polygon",
        "coordinates": [
          [
            [
              80.20404343570054,
              13.007071971951465
            ],
            [
              80.20404197571823,
              13.006424154721694
            ],
            [
              80.20378306574304,
              13.006235173928905
            ],
            [
              80.20230006834883,
              13.005570232771463
            ],
            [
              80.20211542719218,
              13.00540044430941
            ],
            [
              80.20221464680083,
              13.004670164365903
            ],
            [
              80.20243808765004,
              13.004652782813277
            ],
            [
              80.20252218956944,
              13.003510117699832
            ],
            [
              80.20287571979975,
              13.003512267998822
            ],
            [
              80.20302552622408,
              13.003400735570807
            ],
            [
              80.20297192603898,
              13.003138041143078
            ],
            [
              80.20278712628392,
              13.002986992317231
            ],
            [
              80.2020620933625,
              13.002907620000778
            ],
            [
              80.2020784289978,
              13.000977437472537
            ],
            [
              80.20170660911005,
              13.000937694727671
            ],
            [
              80.20165522930273,
              13.000412645393167
            ],
            [
              80.2009677272866,
              13.000296020151682
            ],
            [
              80.20063296250893,
              13.000275243390115
            ],
            [
              80.2005598038793,
              13.000124873606055
            ],
            [
              80.20068111950711,
              12.998982434839863
            ],
            [
              80.20077542256531,
              12.998833083618319
            ],
            [
              80.20070289832934,
              12.998607755289594
            ],
            [
              80.20053559523977,
              12.998587997090711
            ],
            [
              80.1999578311682,
              12.998696926525266
            ],
            [
              80.19943699784835,
              12.99867501802733
            ],
            [
              80.19871421172174,
              12.998503433213466
            ],
            [
              80.19869787008973,
              12.997118413600107
            ],
            [
              80.19726623135837,
              12.997166233210157
            ],
            [
              80.19353733832773,
              12.996747861240488
            ],
            [
              80.19093235914643,
              12.99616674325481
            ],
            [
              80.18919682258144,
              12.99564744088989
            ],
            [
              80.18673861138251,
              12.994304096296663
            ],
            [
              80.18595502900294,
              12.994044957163405
            ],
            [
              80.18564993521652,
              12.993619146303752
            ],
            [
              80.18554342791856,
              12.992940170217983
            ],
            [
              80.18505194636067,
              12.991326151207895
            ],
            [
              80.18505792612375,
              12.9906195956313
            ],
            [
              80.18525986127918,
              12.989970759282112
            ],
            [
              80.18531933388184,
              12.989575429525333
            ],
            [
              80.18509651247425,
              12.989376228499363
            ],
            [
              80.18453910016962,
              12.988920619269065
            ],
            [
              80.18428917355642,
              12.988608198667897
            ],
            [
              80.18342260122667,
              12.988207236370144
            ],
            [
              80.18121312068821,
              12.98731762349341
            ],
            [
              80.17961263176994,
              12.9874209434513
            ],
            [
              80.17921904665123,
              12.987503340557792
            ],
            [
              80.17887775841933,
              12.988038274599484
            ],
            [
              80.1785335999014,
              12.988912355317773
            ],
            [
              80.17836427133338,
              12.989024380111788
            ],
            [
              80.17794358100905,
              12.988993557642797
            ],
            [
              80.17735188778312,
              12.989272595529336
            ],
            [
              80.17430325598734,
              12.991373828489039
            ],
            [
              80.17574621334978,
              12.99330453517675
            ],
            [
              80.1774690728171,
              12.995321735364175
            ],
            [
              80.17625387402569,
              12.999638686804927
            ],
            [
              80.18065250390796,
              13.003820201519119
            ],
            [
              80.18104345793094,
              13.004048688866504
            ],
            [
              80.18218443098375,
              13.005186175794497
            ],
            [
              80.18248976396067,
              13.00558372443109
            ],
            [
              80.18362834510825,
              13.007003833589838
            ],
            [
              80.18485900544613,
              13.007491801436654
            ],
            [
              80.1853905084978,
              13.007692879976197
            ],
            [
              80.18563971753944,
              13.00809008724668
            ],
            [
              80.18603043237184,
              13.00834683681712
            ],
            [
              80.18639547714184,
              13.00832079347381
            ],
            [
              80.18656504490032,
              13.00818050645684
            ],
            [
              80.18681760260928,
              13.008182042604362
            ],
            [
              80.18863134531425,
              13.009408412595057
            ],
            [
              80.18910720281174,
              13.009552625322305
            ],
            [
              80.18961279661046,
              13.009499173171166
            ],
            [
              80.19186158107118,
              13.009060632246728
            ],
            [
              80.19340833795947,
              13.008674348692141
            ],
            [
              80.19357599219379,
              13.008760159459566
            ],
            [
              80.19371343174576,
              13.009100159551792
            ],
            [
              80.1940365414977,
              13.010713154463192
            ],
            [
              80.19436084720245,
              13.012184838259442
            ],
            [
              80.19437527531034,
              13.013795955657319
            ],
            [
              80.19374810521047,
              13.014950951775951
            ],
            [
              80.19357016578368,
              13.01608041660022
            ],
            [
              80.19383236778985,
              13.018258314606951
            ],
            [
              80.19439997944944,
              13.024140612032507
            ],
            [
              80.1947599814362,
              13.026976147301845
            ],
            [
              80.19468164157192,
              13.02705390692634
            ],
            [
              80.19452429974481,
              13.027287658263978
            ],
            [
              80.19339904859817,
              13.027724430982731
            ],
            [
              80.19413100689445,
              13.028389192247147
            ],
            [
              80.19551995899074,
              13.028892872278886
            ],
            [
              80.19678808222092,
              13.02914820142486
            ],
            [
              80.1999636291221,
              13.029167516252055
            ],
            [
              80.20049804778074,
              13.028964420145938
            ],
            [
              80.20050049256598,
              13.028675549728483
            ],
            [
              80.2004626610626,
              13.028303895682317
            ],
            [
              80.20022414662606,
              13.02743578908832
            ],
            [
              80.19842661964371,
              13.017107524178712
            ],
            [
              80.19823222330128,
              13.015868261985933
            ],
            [
              80.19823955765703,
              13.015001650733387
            ],
            [
              80.19844687643588,
              13.01471402643365
            ],
            [
              80.19918686759816,
              13.014429642040625
            ],
            [
              80.20206139009949,
              13.013704278046118
            ],
            [
              80.20247323361706,
              13.013459167066792
            ],
            [
              80.20272222570468,
              13.013089257585788
            ],
            [
              80.20313406922223,
              13.012844146606456
            ],
            [
              80.20366813862566,
              13.012682317702986
            ],
            [
              80.20395635923703,
              13.012518993458057
            ],
            [
              80.20391852773362,
              13.012147339411845
            ],
            [
              80.20359980997463,
              13.0110723983583
            ],
            [
              80.2037135417804,
              13.007317581377947
            ],
            [
              80.20404343570054,
              13.007071971951465
            ]
          ]
        ]
      },
      "properties": {
        "ZONE_NO": "ST.THOMAS MOUNT",
        "WARD_NO": null,
        "ZONE_NAME": "ST.THOMAS MOUNT",
        "POLITICAL_": null
      }
    },
    {
      "type": "Feature",
      "geometry": {
        "type": "Polygon",
        "coordinates": [
          [
            [
              80.20541015827985,
              12.938816282019356
            ],
            [
              80.20617911469212,
              12.941044326882313
            ],
            [
              80.20674205317633,
              12.942018500846313
            ],
            [
              80.20734434000931,
              12.94256146971086
            ],
            [
              80.20791245108083,
              12.942924462193567
            ],
            [
              80.2082663794887,
              12.943286151939514
            ],
            [
              80.20868318256207,
              12.944654927782604
            ],
            [
              80.20927968826804,
              12.945880981832184
            ],
            [
              80.2112712172556,
              12.950998520791126
            ],
            [
              80.21231565909791,
              12.954132845584153
            ],
            [
              80.21389129782172,
              12.95777375314446
            ],
            [
              80.21543002235555,
              12.961558250989338
            ],
            [
              80.21633684834276,
              12.96408052581002
            ],
            [
              80.21710940544288,
              12.965595280288143
            ],
            [
              80.21762851364103,
              12.967738154324746
            ],
            [
              80.21826987581316,
              12.967457409938708
            ],
            [
              80.21958281564744,
              12.967259049080663
            ],
            [
              80.22130305868379,
              12.967352050875897
            ],
            [
              80.22277640516269,
              12.967567358937446
            ],
            [
              80.22445078382977,
              12.968237852343956
            ],
            [
              80.22542544762328,
              12.969275513772137
            ],
            [
              80.22714348901526,
              12.971081179238169
            ],
            [
              80.22863855073325,
              12.972680301829852
            ],
            [
              80.22970597922551,
              12.968341932249341
            ],
            [
              80.23088561876357,
              12.968237810041854
            ],
            [
              80.2305108958448,
              12.964636921284391
            ],
            [
              80.23035027155217,
              12.961853514239461
            ],
            [
              80.23035623684667,
              12.961148668238229
            ],
            [
              80.23054292005735,
              12.96085301117245
            ],
            [
              80.2308463854299,
              12.959816083065997
            ],
            [
              80.2319846945402,
              12.955890505509435
            ],
            [
              80.23239960470612,
              12.9547429580479
            ],
            [
              80.23314528483841,
              12.953282538605352
            ],
            [
              80.23326558887393,
              12.953044994726996
            ],
            [
              80.23344654904841,
              12.952629113073169
            ],
            [
              80.23318586658873,
              12.948487488766405
            ],
            [
              80.23300381736978,
              12.945537720790618
            ],
            [
              80.23272599479198,
              12.943421334925121
            ],
            [
              80.23226040640438,
              12.942524969506739
            ],
            [
              80.231592099832,
              12.941121035408958
            ],
            [
              80.23115431890842,
              12.940433330285028
            ],
            [
              80.23089044046358,
              12.940163665218366
            ],
            [
              80.23056943472764,
              12.939655377071718
            ],
            [
              80.22987180832814,
              12.938221480189075
            ],
            [
              80.22967766020228,
              12.936701292289383
            ],
            [
              80.22923601756818,
              12.932975549636623
            ],
            [
              80.22809334571681,
              12.928217979497441
            ],
            [
              80.22729986515596,
              12.924132683422181
            ],
            [
              80.22739084936443,
              12.923865176758797
            ],
            [
              80.2278647557503,
              12.923778705874925
            ],
            [
              80.2275064930741,
              12.921522915444063
            ],
            [
              80.21805629350645,
              12.92260644418384
            ],
            [
              80.21794748660862,
              12.923012581798867
            ],
            [
              80.21787185526144,
              12.923648851305558
            ],
            [
              80.21680035293298,
              12.923677707902561
            ],
            [
              80.21681267478915,
              12.924296825441147
            ],
            [
              80.21561302562516,
              12.924355673017239
            ],
            [
              80.21550862606952,
              12.924859297276155
            ],
            [
              80.21038567271046,
              12.926744322785474
            ],
            [
              80.21018370153077,
              12.926944798025453
            ],
            [
              80.21043962507139,
              12.92825742870768
            ],
            [
              80.21070522151486,
              12.928427130579848
            ],
            [
              80.21103927967353,
              12.928395545158924
            ],
            [
              80.21134024496335,
              12.928330141171674
            ],
            [
              80.21140443922128,
              12.928633087177207
            ],
            [
              80.21156307563493,
              12.92960895328735
            ],
            [
              80.2116512588533,
              12.931021415563254
            ],
            [
              80.20363044907887,
              12.932182852302754
            ],
            [
              80.20541015827985,
              12.938816282019356
            ]
          ]
        ]
      },
      "properties": {
        "ZONE_NO": "XIV",
        "WARD_NO": 189,
        "ZONE_NAME": "PERUNGUDI",
        "POLITICAL_": 344
      }
    },
    {
      "type": "Feature",
      "geometry": {
        "type": "Polygon",
        "coordinates": [
          [
            [
              80.25006040417509,
              12.940505775772433
            ],
            [
              80.24979456511959,
              12.939359637914745
            ],
            [
              80.24957293497899,
              12.937746979000853
            ],
            [
              80.24558711471528,
              12.930542924086122
            ],
            [
              80.24502207433635,
              12.930586878802194
            ],
            [
              80.24478500315934,
              12.930798698583493
            ],
            [
              80.24495677256276,
              12.932742794701484
            ],
            [
              80.24540985895804,
              12.934807080632439
            ],
            [
              80.24533773906455,
              12.937768610500804
            ],
            [
              80.24517651675207,
              12.938626283148311
            ],
            [
              80.24512578288733,
              12.9403665666602
            ],
            [
              80.24502978984125,
              12.941073098333696
            ],
            [
              80.24477055333476,
              12.941923686442491
            ],
            [
              80.24440775599142,
              12.942247840795154
            ],
            [
              80.24386524782595,
              12.94253463974614
            ],
            [
              80.24175643219655,
              12.942830043015071
            ],
            [
              80.24020597833056,
              12.943092580107352
            ],
            [
              80.23868999359664,
              12.943536638529793
            ],
            [
              80.2375525063632,
              12.943928605608258
            ],
            [
              80.23712031043318,
              12.943944108003658
            ],
            [
              80.23609758522093,
              12.943539001730098
            ],
            [
              80.23501947372927,
              12.94329673908589
            ],
            [
              80.23446356701982,
              12.943039521512791
            ],
            [
              80.23362408176953,
              12.942254775250653
            ],
            [
              80.23328220157303,
              12.942234564643751
            ],
            [
              80.23222187962547,
              12.942444035006437
            ],
            [
              80.23226040640438,
              12.942524969506739
            ],
            [
              80.23272599479198,
              12.943421334925121
            ],
            [
              80.23300381736978,
              12.945537720790618
            ],
            [
              80.23318586658873,
              12.948487488766405
            ],
            [
              80.23344654904841,
              12.952629113073169
            ],
            [
              80.23326558887393,
              12.953044994726996
            ],
            [
              80.23314528483841,
              12.953282538605352
            ],
            [
              80.2345622148456,
              12.953589001401081
            ],
            [
              80.2361002050702,
              12.953568571563494
            ],
            [
              80.23882308728999,
              12.953317073057717
            ],
            [
              80.24051549052814,
              12.952523186680603
            ],
            [
              80.2417615427833,
              12.952054214399832
            ],
            [
              80.2419106625249,
              12.951906199143155
            ],
            [
              80.24197182278503,
              12.951668295531091
            ],
            [
              80.24203273098458,
              12.951460174837125
            ],
            [
              80.24227107051048,
              12.95125313334485
            ],
            [
              80.24381258958293,
              12.950815742651969
            ],
            [
              80.24627587838746,
              12.94978826946916
            ],
            [
              80.24657184932568,
              12.94976028522012
            ],
            [
              80.24671844846166,
              12.949910099146084
            ],
            [
              80.24668509566551,
              12.950356663052874
            ],
            [
              80.24601485341086,
              12.952675773604104
            ],
            [
              80.24587312422771,
              12.955444865534034
            ],
            [
              80.24593411322924,
              12.958721526143018
            ],
            [
              80.24970184188287,
              12.95731478916806
            ],
            [
              80.24886684636131,
              12.952755729382336
            ],
            [
              80.24776472603585,
              12.947047287379958
            ],
            [
              80.24780299814158,
              12.946102312177022
            ],
            [
              80.24817736943336,
              12.944793494288023
            ],
            [
              80.25006040417509,
              12.940505775772433
            ]
          ]
        ]
      },
      "properties": {
        "ZONE_NO": "XV",
        "WARD_NO": 193,
        "ZONE_NAME": "SOZHINGANALLUR",
        "POLITICAL_": 348
      }
    },
    {
      "type": "Feature",
      "geometry": {
        "type": "Polygon",
        "coordinates": [
          [
            [
              80.24558711471528,
              12.930542924086122
            ],
            [
              80.24424779836288,
              12.928032677603847
            ],
            [
              80.24373236724637,
              12.928373677739192
            ],
            [
              80.24337054614041,
              12.928732818944951
            ],
            [
              80.24307560469165,
              12.929264434524217
            ],
            [
              80.24124985205695,
              12.931008419023156
            ],
            [
              80.24081780208522,
              12.93159082093471
            ],
            [
              80.24049131383887,
              12.93181252297808
            ],
            [
              80.240199575981,
              12.931965609351112
            ],
            [
              80.2392420005869,
              12.932063025582725
            ],
            [
              80.2385758718151,
              12.932041767187508
            ],
            [
              80.23786111228713,
              12.931710491345333
            ],
            [
              80.2367444923448,
              12.930413192755037
            ],
            [
              80.23648998037756,
              12.930205163616565
            ],
            [
              80.23619955307944,
              12.93020339713247
            ],
            [
              80.23573741248782,
              12.930303826778118
            ],
            [
              80.23375028542073,
              12.930928390423363
            ],
            [
              80.23137255718741,
              12.931275270151273
            ],
            [
              80.23049734361383,
              12.931734529270367
            ],
            [
              80.2301857550597,
              12.932214423319703
            ],
            [
              80.22975632620788,
              12.932487119517031
            ],
            [
              80.2292575323507,
              12.933157050552923
            ],
            [
              80.22967766020228,
              12.936701292289383
            ],
            [
              80.22987180832814,
              12.938221480189075
            ],
            [
              80.23056943472764,
              12.939655377071718
            ],
            [
              80.23089044046358,
              12.940163665218366
            ],
            [
              80.23115431890842,
              12.940433330285028
            ],
            [
              80.231592099832,
              12.941121035408958
            ],
            [
              80.23222187962547,
              12.942444035006437
            ],
            [
              80.23328220157303,
              12.942234564643751
            ],
            [
              80.23362408176953,
              12.942254775250653
            ],
            [
              80.23446356701982,
              12.943039521512791
            ],
            [
              80.23501947372927,
              12.94329673908589
            ],
            [
              80.23609758522093,
              12.943539001730098
            ],
            [
              80.23712031043318,
              12.943944108003658
            ],
            [
              80.2375525063632,
              12.943928605608258
            ],
            [
              80.23868999359664,
              12.943536638529793
            ],
            [
              80.24020597833056,
              12.943092580107352
            ],
            [
              80.24175643219655,
              12.942830043015071
            ],
            [
              80.24386524782595,
              12.94253463974614
            ],
            [
              80.24440775599142,
              12.942247840795154
            ],
            [
              80.24477055333476,
              12.941923686442491
            ],
            [
              80.24502978984125,
              12.941073098333696
            ],
            [
              80.24512578288733,
              12.9403665666602
            ],
            [
              80.24517651675207,
              12.938626283148311
            ],
            [
              80.24533773906455,
              12.937768610500804
            ],
            [
              80.24540985895804,
              12.934807080632439
            ],
            [
              80.24495677256276,
              12.932742794701484
            ],
            [
              80.24478500315934,
              12.930798698583493
            ],
            [
              80.24502207433635,
              12.930586878802194
            ],
            [
              80.24558711471528,
              12.930542924086122
            ]
          ]
        ]
      },
      "properties": {
        "ZONE_NO": "XV",
        "WARD_NO": 194,
        "ZONE_NAME": "SOZHINGANALLUR",
        "POLITICAL_": 349
      }
    },
    {
      "type": "Feature",
      "geometry": {
        "type": "Polygon",
        "coordinates": [
          [
            [
              80.24424779836288,
              12.928032677603847
            ],
            [
              80.24178586584725,
              12.923590192719999
            ],
            [
              80.23990441689563,
              12.923410713166728
            ],
            [
              80.2392496655811,
              12.921918412771907
            ],
            [
              80.23847493261052,
              12.920521403118704
            ],
            [
              80.23786012917208,
              12.919941540580018
            ],
            [
              80.23688599021938,
              12.919575538588033
            ],
            [
              80.23648203435224,
              12.919429050811678
            ],
            [
              80.2351475441293,
              12.919396928830173
            ],
            [
              80.23447938483744,
              12.919488885356678
            ],
            [
              80.23383424675144,
              12.91967700242015
            ],
            [
              80.23225329237924,
              12.920603586489744
            ],
            [
              80.23186870099646,
              12.920985329319777
            ],
            [
              80.23190783626782,
              12.921993782747009
            ],
            [
              80.2317850104955,
              12.92242512798707
            ],
            [
              80.22908122607636,
              12.923656949266453
            ],
            [
              80.2278647557503,
              12.923778705874925
            ],
            [
              80.22739084936443,
              12.923865176758797
            ],
            [
              80.22729986515596,
              12.924132683422181
            ],
            [
              80.22809334571681,
              12.928217979497441
            ],
            [
              80.22923601756818,
              12.932975549636623
            ],
            [
              80.2292575323507,
              12.933157050552923
            ],
            [
              80.22975632620788,
              12.932487119517031
            ],
            [
              80.2301857550597,
              12.932214423319703
            ],
            [
              80.23049734361383,
              12.931734529270367
            ],
            [
              80.23137255718741,
              12.931275270151273
            ],
            [
              80.23375028542073,
              12.930928390423363
            ],
            [
              80.23573741248782,
              12.930303826778118
            ],
            [
              80.23619955307944,
              12.93020339713247
            ],
            [
              80.23648998037756,
              12.930205163616565
            ],
            [
              80.2367444923448,
              12.930413192755037
            ],
            [
              80.23786111228713,
              12.931710491345333
            ],
            [
              80.2385758718151,
              12.932041767187508
            ],
            [
              80.2392420005869,
              12.932063025582725
            ],
            [
              80.240199575981,
              12.931965609351112
            ],
            [
              80.24049131383887,
              12.93181252297808
            ],
            [
              80.24081780208522,
              12.93159082093471
            ],
            [
              80.24124985205695,
              12.931008419023156
            ],
            [
              80.24307560469165,
              12.929264434524217
            ],
            [
              80.24337054614041,
              12.928732818944951
            ],
            [
              80.24373236724637,
              12.928373677739192
            ],
            [
              80.24424779836288,
              12.928032677603847
            ]
          ]
        ]
      },
      "properties": {
        "ZONE_NO": "XV",
        "WARD_NO": 195,
        "ZONE_NAME": "SOZHINGANALLUR",
        "POLITICAL_": 350
      }
    },
    {
      "type": "Feature",
      "geometry": {
        "type": "Polygon",
        "coordinates": [
          [
            [
              80.25456442950905,
              12.904216680871004
            ],
            [
              80.25357061768206,
              12.904564742857497
            ],
            [
              80.25213242146229,
              12.904814268902193
            ],
            [
              80.2449477789647,
              12.905312944020466
            ],
            [
              80.24383551086052,
              12.90644258297375
            ],
            [
              80.24360450488709,
              12.906467005279266
            ],
            [
              80.24258907468399,
              12.907571405868195
            ],
            [
              80.24353478281442,
              12.911945672743355
            ],
            [
              80.2436248860539,
              12.913311381638795
            ],
            [
              80.24362026480767,
              12.913857417872629
            ],
            [
              80.24344794927022,
              12.914197660000927
            ],
            [
              80.24335591682377,
              12.917063938021359
            ],
            [
              80.2433765161925,
              12.918633998297329
            ],
            [
              80.24258415354747,
              12.920164984822142
            ],
            [
              80.24160384053302,
              12.923572828538068
            ],
            [
              80.24178586584725,
              12.923590192719999
            ],
            [
              80.24424779836288,
              12.928032677603847
            ],
            [
              80.24558711471528,
              12.930542924086122
            ],
            [
              80.24957293497899,
              12.937746979000853
            ],
            [
              80.24979456511959,
              12.939359637914745
            ],
            [
              80.25006040417509,
              12.940505775772433
            ],
            [
              80.25299868921743,
              12.940310213425175
            ],
            [
              80.25575894890638,
              12.939686700139855
            ],
            [
              80.25924280666788,
              12.938425302143218
            ],
            [
              80.2592369449435,
              12.938370305141488
            ],
            [
              80.25825460952889,
              12.932139379883573
            ],
            [
              80.25831677803109,
              12.93178234459823
            ],
            [
              80.25835315555396,
              12.930978385672498
            ],
            [
              80.25760311021195,
              12.925255208960065
            ],
            [
              80.25717389934745,
              12.923554884615678
            ],
            [
              80.25711929266195,
              12.923018432353047
            ],
            [
              80.25715541812431,
              12.922244256345467
            ],
            [
              80.25687154609288,
              12.920842660518238
            ],
            [
              80.25676762599375,
              12.919144314710012
            ],
            [
              80.25616577295332,
              12.916877035716915
            ],
            [
              80.25560004537509,
              12.913835580716235
            ],
            [
              80.25501860923998,
              12.909155885344392
            ],
            [
              80.25456442950905,
              12.904216680871004
            ]
          ]
        ]
      },
      "properties": {
        "ZONE_NO": "XV",
        "WARD_NO": 196,
        "ZONE_NAME": "SOZHINGANALLUR",
        "POLITICAL_": 351
      }
    },
    {
      "type": "Feature",
      "geometry": {
        "type": "Polygon",
        "coordinates": [
          [
            [
              80.24258907468399,
              12.907571405868195
            ],
            [
              80.24061568115724,
              12.907925718335857
            ],
            [
              80.23917682856613,
              12.900172582732315
            ],
            [
              80.23874992292693,
              12.896297794147255
            ],
            [
              80.23909456182112,
              12.89507930810802
            ],
            [
              80.23958380108705,
              12.89158889323861
            ],
            [
              80.23950307329389,
              12.89125168987581
            ],
            [
              80.23215610444521,
              12.890281043994408
            ],
            [
              80.23124067192441,
              12.889812496524813
            ],
            [
              80.2303638223395,
              12.889722985121185
            ],
            [
              80.22969840942548,
              12.889340136448325
            ],
            [
              80.2284443932771,
              12.889374598111013
            ],
            [
              80.2272714611143,
              12.889704176259414
            ],
            [
              80.21322685967105,
              12.891596416789724
            ],
            [
              80.21326189178265,
              12.89692020657535
            ],
            [
              80.21343191805579,
              12.898910860314313
            ],
            [
              80.21372912054832,
              12.904800866487085
            ],
            [
              80.2140581418619,
              12.909308839029675
            ],
            [
              80.21722417907927,
              12.912604385667134
            ],
            [
              80.21938830096032,
              12.915476855973013
            ],
            [
              80.22626435461703,
              12.913701827089664
            ],
            [
              80.2278647557503,
              12.923778705874925
            ],
            [
              80.22908122607636,
              12.923656949266453
            ],
            [
              80.2317850104955,
              12.92242512798707
            ],
            [
              80.23190783626782,
              12.921993782747009
            ],
            [
              80.23186870099646,
              12.920985329319777
            ],
            [
              80.23225329237924,
              12.920603586489744
            ],
            [
              80.23383424675144,
              12.91967700242015
            ],
            [
              80.23447938483744,
              12.919488885356678
            ],
            [
              80.2351475441293,
              12.919396928830173
            ],
            [
              80.23648203435224,
              12.919429050811678
            ],
            [
              80.23688599021938,
              12.919575538588033
            ],
            [
              80.23786012917208,
              12.919941540580018
            ],
            [
              80.23847493261052,
              12.920521403118704
            ],
            [
              80.2392496655811,
              12.921918412771907
            ],
            [
              80.23990441689563,
              12.923410713166728
            ],
            [
              80.24160384053302,
              12.923572828538068
            ],
            [
              80.24258415354747,
              12.920164984822142
            ],
            [
              80.2433765161925,
              12.918633998297329
            ],
            [
              80.24335591682377,
              12.917063938021359
            ],
            [
              80.24344794927022,
              12.914197660000927
            ],
            [
              80.24362026480767,
              12.913857417872629
            ],
            [
              80.2436248860539,
              12.913311381638795
            ],
            [
              80.24353478281442,
              12.911945672743355
            ],
            [
              80.24258907468399,
              12.907571405868195
            ]
          ]
        ]
      },
      "properties": {
        "ZONE_NO": "XV",
        "WARD_NO": 197,
        "ZONE_NAME": "SOZHINGANALLUR",
        "POLITICAL_": 352
      }
    },
    {
      "type": "Feature",
      "geometry": {
        "type": "Polygon",
        "coordinates": [
          [
            [
              80.25141634556864,
              12.879040520710749
            ],
            [
              80.24542277590236,
              12.880274082878486
            ],
            [
              80.2436754686239,
              12.880586190730316
            ],
            [
              80.24296309330474,
              12.880617717317378
            ],
            [
              80.23946787180228,
              12.881313648353505
            ],
            [
              80.23871281573483,
              12.877974121212276
            ],
            [
              80.2404889529225,
              12.874255535073766
            ],
            [
              80.23788564206453,
              12.874741733961832
            ],
            [
              80.23328306752727,
              12.875861243819463
            ],
            [
              80.2318208924602,
              12.876139226436742
            ],
            [
              80.2305762840924,
              12.875952358717523
            ],
            [
              80.22993663332147,
              12.875805030081791
            ],
            [
              80.22933015836098,
              12.87594477932918
            ],
            [
              80.22694046905693,
              12.876432277540912
            ],
            [
              80.22383961832463,
              12.876807871674826
            ],
            [
              80.21367347573005,
              12.879005186767474
            ],
            [
              80.21049184843952,
              12.879419431754016
            ],
            [
              80.21065862725256,
              12.87961619165297
            ],
            [
              80.21249457547368,
              12.886644800579168
            ],
            [
              80.21277297398184,
              12.888447906219866
            ],
            [
              80.21320653586291,
              12.890843464143598
            ],
            [
              80.21322685967105,
              12.891596416789724
            ],
            [
              80.2272714611143,
              12.889704176259414
            ],
            [
              80.2284443932771,
              12.889374598111013
            ],
            [
              80.22969840942548,
              12.889340136448325
            ],
            [
              80.2303638223395,
              12.889722985121185
            ],
            [
              80.23124067192441,
              12.889812496524813
            ],
            [
              80.23215610444521,
              12.890281043994408
            ],
            [
              80.23950307329389,
              12.89125168987581
            ],
            [
              80.23958380108705,
              12.89158889323861
            ],
            [
              80.23909456182112,
              12.89507930810802
            ],
            [
              80.23874992292693,
              12.896297794147255
            ],
            [
              80.23917682856613,
              12.900172582732315
            ],
            [
              80.24061568115724,
              12.907925718335857
            ],
            [
              80.24258907468399,
              12.907571405868195
            ],
            [
              80.24360450488709,
              12.906467005279266
            ],
            [
              80.24383551086052,
              12.90644258297375
            ],
            [
              80.2449477789647,
              12.905312944020466
            ],
            [
              80.25213242146229,
              12.904814268902193
            ],
            [
              80.25357061768206,
              12.904564742857497
            ],
            [
              80.25456442950905,
              12.904216680871004
            ],
            [
              80.25455823332214,
              12.904149297339796
            ],
            [
              80.25388631709977,
              12.8996775427951
            ],
            [
              80.2531701286749,
              12.89344823633929
            ],
            [
              80.25284526122859,
              12.889901910663813
            ],
            [
              80.2517069196347,
              12.881138358152512
            ],
            [
              80.25141634556864,
              12.879040520710749
            ]
          ]
        ]
      },
      "properties": {
        "ZONE_NO": "XV",
        "WARD_NO": 198,
        "ZONE_NAME": "SOZHINGANALLUR",
        "POLITICAL_": 353
      }
    },
    {
      "type": "Feature",
      "geometry": {
        "type": "Polygon",
        "coordinates": [
          [
            [
              80.20879072900948,
              12.909497283351326
            ],
            [
              80.20734406120162,
              12.909539594047923
            ],
            [
              80.2046139925676,
              12.909293684868011
            ],
            [
              80.20311002912034,
              12.909445049956359
            ],
            [
              80.19843683101777,
              12.910127468001942
            ],
            [
              80.19618098287515,
              12.91034305102893
            ],
            [
              80.19511308055566,
              12.910084321355765
            ],
            [
              80.19472721025511,
              12.909944392004828
            ],
            [
              80.19463497894701,
              12.910081413368497
            ],
            [
              80.19471556690357,
              12.911320144663883
            ],
            [
              80.19500144366158,
              12.912514263817565
            ],
            [
              80.19553445564598,
              12.914099702789555
            ],
            [
              80.19598202827709,
              12.915019640740491
            ],
            [
              80.19674911153744,
              12.915849800505793
            ],
            [
              80.19699605270787,
              12.916264049534824
            ],
            [
              80.19710425880434,
              12.916929689031294
            ],
            [
              80.19725702810807,
              12.917710251533805
            ],
            [
              80.19718387648186,
              12.918283066381555
            ],
            [
              80.19735456113233,
              12.919636997634388
            ],
            [
              80.19747544306752,
              12.92149509457752
            ],
            [
              80.19747062725708,
              12.922064120079861
            ],
            [
              80.19899655924165,
              12.924743497307134
            ],
            [
              80.20013764152516,
              12.926114508543256
            ],
            [
              80.20216586872654,
              12.928216485269571
            ],
            [
              80.20245476211421,
              12.928131174077622
            ],
            [
              80.2030601364701,
              12.928105833401611
            ],
            [
              80.20310737322617,
              12.925929412052911
            ],
            [
              80.20382923827307,
              12.92575966600499
            ],
            [
              80.20511875493781,
              12.925742181923413
            ],
            [
              80.20508520165959,
              12.925637933957733
            ],
            [
              80.20493391840658,
              12.925203497620574
            ],
            [
              80.20481662868406,
              12.924821289985886
            ],
            [
              80.2049917326165,
              12.924475542089331
            ],
            [
              80.2051325495167,
              12.924112244999872
            ],
            [
              80.20504954682652,
              12.923747586558319
            ],
            [
              80.20498508178525,
              12.923226975045656
            ],
            [
              80.20488339469502,
              12.923035609429759
            ],
            [
              80.20447253731092,
              12.922755660092632
            ],
            [
              80.20442338140045,
              12.922460570107816
            ],
            [
              80.20444588132224,
              12.921836443664926
            ],
            [
              80.20453284628518,
              12.92173292873487
            ],
            [
              80.20539530512278,
              12.921547427403953
            ],
            [
              80.20599833658035,
              12.921499073318515
            ],
            [
              80.206290143232,
              12.921604892074981
            ],
            [
              80.20635578227986,
              12.921986785551544
            ],
            [
              80.20653695004,
              12.92295896371723
            ],
            [
              80.2067750515053,
              12.92330722487855
            ],
            [
              80.20692530750249,
              12.923863039497075
            ],
            [
              80.20702743484526,
              12.924002385849366
            ],
            [
              80.20780204821516,
              12.92402443797584
            ],
            [
              80.20807649122443,
              12.924147491767316
            ],
            [
              80.2089888397268,
              12.924170381648725
            ],
            [
              80.20914291124575,
              12.924275362650194
            ],
            [
              80.20938424122951,
              12.924242149212334
            ],
            [
              80.20959157768266,
              12.924156707072278
            ],
            [
              80.20990133498009,
              12.924175931775581
            ],
            [
              80.2101086714331,
              12.924090489635585
            ],
            [
              80.21021314678912,
              12.923952399915736
            ],
            [
              80.21019681040264,
              12.923848256669258
            ],
            [
              80.20999035445475,
              12.923829660282383
            ],
            [
              80.20973488934699,
              12.923498634156074
            ],
            [
              80.20961569186355,
              12.923341843329798
            ],
            [
              80.20958257883804,
              12.923185576100568
            ],
            [
              80.20973855811792,
              12.923065140293398
            ],
            [
              80.20991175428968,
              12.922944809205658
            ],
            [
              80.20996501922346,
              12.922754386064193
            ],
            [
              80.20982992560614,
              12.922441432728062
            ],
            [
              80.20949453957581,
              12.921381613315518
            ],
            [
              80.2091738756728,
              12.92061667444904
            ],
            [
              80.20902582093825,
              12.919800763512981
            ],
            [
              80.20890955847159,
              12.919297177596638
            ],
            [
              80.20892882987485,
              12.919054525752811
            ],
            [
              80.20908583641081,
              12.918812711663987
            ],
            [
              80.20925961958568,
              12.91862302155831
            ],
            [
              80.20927889098907,
              12.918380369714491
            ],
            [
              80.20916057401055,
              12.918119540361285
            ],
            [
              80.20893807517768,
              12.917962121218764
            ],
            [
              80.20878459066208,
              12.917787781199362
            ],
            [
              80.2086333074088,
              12.917353344862372
            ],
            [
              80.20860239564581,
              12.916936981315388
            ],
            [
              80.20850114880808,
              12.91669359643617
            ],
            [
              80.20834737079073,
              12.916553935925696
            ],
            [
              80.2080577654016,
              12.916188020851648
            ],
            [
              80.20769899894472,
              12.915856366409097
            ],
            [
              80.20723927915158,
              12.915246647578272
            ],
            [
              80.20710594654413,
              12.914725617187994
            ],
            [
              80.20704074774893,
              12.914291704447818
            ],
            [
              80.20712741921017,
              12.91422286902676
            ],
            [
              80.20771264677275,
              12.914243769239876
            ],
            [
              80.20807478849896,
              12.914176609328814
            ],
            [
              80.20823076777904,
              12.9140561735217
            ],
            [
              80.20826520156213,
              12.914056382960448
            ],
            [
              80.20835084576744,
              12.9141089258207
            ],
            [
              80.20834952500992,
              12.91426498361135
            ],
            [
              80.20845209260519,
              12.914352310700092
            ],
            [
              80.20877950704674,
              12.914319620859269
            ],
            [
              80.2089866967489,
              12.9142515184736
            ],
            [
              80.20943477618223,
              12.914202221913788
            ],
            [
              80.2093713383971,
              12.913560232119643
            ],
            [
              80.20922856669252,
              12.91212009002115
            ],
            [
              80.20879072900948,
              12.909497283351326
            ]
          ]
        ]
      },
      "properties": {
        "ZONE_NO": "XIV",
        "WARD_NO": 191,
        "ZONE_NAME": "PERUNGUDI",
        "POLITICAL_": 346
      }
    },
    {
      "type": "Feature",
      "geometry": {
        "type": "Polygon",
        "coordinates": [
          [
            [
              80.26448605458776,
              12.965363372621919
            ],
            [
              80.26156023093641,
              12.965922137837039
            ],
            [
              80.25766174823485,
              12.96648547694361
            ],
            [
              80.25532593043513,
              12.966987874613551
            ],
            [
              80.25439037122374,
              12.96733441485823
            ],
            [
              80.25403985944678,
              12.967426211093194
            ],
            [
              80.25338804822705,
              12.96730483632284
            ],
            [
              80.25278107740496,
              12.967395072680768
            ],
            [
              80.25226537717353,
              12.967720684616355
            ],
            [
              80.2508182909432,
              12.967899739262572
            ],
            [
              80.24925403624641,
              12.968148527378753
            ],
            [
              80.24813905174015,
              12.964901223614701
            ],
            [
              80.24755440175471,
              12.965109005954332
            ],
            [
              80.24791849049505,
              12.966167912438442
            ],
            [
              80.24800797256614,
              12.966614615530405
            ],
            [
              80.24779655264322,
              12.966801185946954
            ],
            [
              80.24751658041522,
              12.966822965098043
            ],
            [
              80.24751240720293,
              12.967316062631797
            ],
            [
              80.24767521096452,
              12.967364016950514
            ],
            [
              80.24763440875914,
              12.969430188618343
            ],
            [
              80.24772329465696,
              12.96994733421504
            ],
            [
              80.24773925631295,
              12.970816266914726
            ],
            [
              80.24787477112805,
              12.97133369612534
            ],
            [
              80.24791702810874,
              12.971850558108011
            ],
            [
              80.24784628983515,
              12.971944056026878
            ],
            [
              80.24712095820051,
              12.972244910864415
            ],
            [
              80.2464193384731,
              12.972498945839137
            ],
            [
              80.24620632875518,
              12.97287336293536
            ],
            [
              80.245909663678,
              12.974867532221422
            ],
            [
              80.24571917352092,
              12.975336014464409
            ],
            [
              80.24499264953992,
              12.975777754311583
            ],
            [
              80.24291170098974,
              12.976469558537833
            ],
            [
              80.24267676788384,
              12.976679467982494
            ],
            [
              80.24265067128368,
              12.977008057864756
            ],
            [
              80.24292428433102,
              12.977737665431665
            ],
            [
              80.24314134718844,
              12.978772040140328
            ],
            [
              80.24334377639676,
              12.979062156675838
            ],
            [
              80.24329965830269,
              12.979433312274844
            ],
            [
              80.24320758030926,
              12.980629562700113
            ],
            [
              80.24328568810124,
              12.981084000374857
            ],
            [
              80.24373501386718,
              12.981251810644169
            ],
            [
              80.24418573665307,
              12.981254552103515
            ],
            [
              80.24508822999006,
              12.98113623341454
            ],
            [
              80.24781619740074,
              12.98078140196015
            ],
            [
              80.2491694135236,
              12.980665824730524
            ],
            [
              80.25093342539898,
              12.980428938129224
            ],
            [
              80.2524137569786,
              12.979818902140774
            ],
            [
              80.25261793246213,
              12.979902682663493
            ],
            [
              80.25269569099912,
              12.980398387540545
            ],
            [
              80.25268626111315,
              12.981512602008182
            ],
            [
              80.25305328802658,
              12.981721181032816
            ],
            [
              80.25354498561114,
              12.981724171715738
            ],
            [
              80.25387907059174,
              12.980983355859472
            ],
            [
              80.25405833700819,
              12.979168595843799
            ],
            [
              80.25406881465928,
              12.977930579768676
            ],
            [
              80.25371401167216,
              12.97627764865647
            ],
            [
              80.25371890124265,
              12.975699907821388
            ],
            [
              80.25392587076662,
              12.975453550724177
            ],
            [
              80.25462314085492,
              12.97537525311997
            ],
            [
              80.25536068723191,
              12.975379739144351
            ],
            [
              80.25589231185032,
              12.975506780658687
            ],
            [
              80.25638610496513,
              12.97526216812634
            ],
            [
              80.25675837070406,
              12.974851739113753
            ],
            [
              80.25737543747029,
              12.974566607049777
            ],
            [
              80.25807200904845,
              12.97457084385058
            ],
            [
              80.25852238257944,
              12.974614852512458
            ],
            [
              80.25864286219036,
              12.974904470600586
            ],
            [
              80.25892654248621,
              12.975277619988095
            ],
            [
              80.25921336607718,
              12.975279364553131
            ],
            [
              80.25937866229219,
              12.97511529263747
            ],
            [
              80.25934013227872,
              12.974826172996433
            ],
            [
              80.25958842585635,
              12.974538797920438
            ],
            [
              80.25991797052124,
              12.974334455696438
            ],
            [
              80.2606975394623,
              12.974215389337079
            ],
            [
              80.26360884570187,
              12.973985480995879
            ],
            [
              80.26606663511524,
              12.97408296881566
            ],
            [
              80.2665152623709,
              12.974333313489755
            ],
            [
              80.26562434627617,
              12.971415595975621
            ],
            [
              80.26515948192717,
              12.969147251618661
            ],
            [
              80.26448605458776,
              12.965363372621919
            ]
          ]
        ]
      },
      "properties": {
        "ZONE_NO": "XIV",
        "WARD_NO": 183,
        "ZONE_NAME": "PERUNGUDI",
        "POLITICAL_": 338
      }
    },
    {
      "type": "Feature",
      "geometry": {
        "type": "Polygon",
        "coordinates": [
          [
            [
              80.24593411322924,
              12.958721526143018
            ],
            [
              80.24592959322047,
              12.959215555540466
            ],
            [
              80.24332854115788,
              12.960064521985998
            ],
            [
              80.2441932004599,
              12.963582978291948
            ],
            [
              80.24566228853027,
              12.963321667884712
            ],
            [
              80.24589025606906,
              12.963863546332806
            ],
            [
              80.24712421053036,
              12.963907084482072
            ],
            [
              80.24770603620811,
              12.96505511565713
            ],
            [
              80.24813905174015,
              12.964901223614701
            ],
            [
              80.24925403624641,
              12.968148527378753
            ],
            [
              80.2508182909432,
              12.967899739262572
            ],
            [
              80.25226537717353,
              12.967720684616355
            ],
            [
              80.25278107740496,
              12.967395072680768
            ],
            [
              80.25338804822705,
              12.96730483632284
            ],
            [
              80.25403985944678,
              12.967426211093194
            ],
            [
              80.25439037122374,
              12.96733441485823
            ],
            [
              80.25532593043513,
              12.966987874613551
            ],
            [
              80.25766174823485,
              12.96648547694361
            ],
            [
              80.26156023093641,
              12.965922137837039
            ],
            [
              80.26448605458776,
              12.965363372621919
            ],
            [
              80.26447994082108,
              12.96532902035905
            ],
            [
              80.26413090907161,
              12.962831961106739
            ],
            [
              80.26383008594082,
              12.961367582517264
            ],
            [
              80.2629369166445,
              12.959240020198944
            ],
            [
              80.26239725591611,
              12.956319767027916
            ],
            [
              80.25908419624366,
              12.956418753603813
            ],
            [
              80.25431833316216,
              12.956955670473123
            ],
            [
              80.2529557577799,
              12.957215442858287
            ],
            [
              80.25259837452103,
              12.957511113637478
            ],
            [
              80.25232995898594,
              12.957777541099455
            ],
            [
              80.25017146323943,
              12.957734627894729
            ],
            [
              80.24996572032782,
              12.957584454234718
            ],
            [
              80.24970184188287,
              12.95731478916806
            ],
            [
              80.24593411322924,
              12.958721526143018
            ]
          ]
        ]
      },
      "properties": {
        "ZONE_NO": "XIV",
        "WARD_NO": 185,
        "ZONE_NAME": "PERUNGUDI",
        "POLITICAL_": 340
      }
    },
    {
      "type": "Feature",
      "geometry": {
        "type": "Polygon",
        "coordinates": [
          [
            [
              80.24389806235295,
              12.962382007538567
            ],
            [
              80.24224103349067,
              12.962761468893122
            ],
            [
              80.24017753436195,
              12.963368894662652
            ],
            [
              80.23981172237315,
              12.963405418206499
            ],
            [
              80.23952482193111,
              12.963209930449338
            ],
            [
              80.23935251770487,
              12.963112011070072
            ],
            [
              80.23895266065743,
              12.962625222182925
            ],
            [
              80.23854854062286,
              12.962642138450855
            ],
            [
              80.2384702849204,
              12.962796656651046
            ],
            [
              80.23860296941234,
              12.96302995495585
            ],
            [
              80.2389280139392,
              12.963264423264222
            ],
            [
              80.23957974260368,
              12.963539627128752
            ],
            [
              80.23966756060756,
              12.964528249165673
            ],
            [
              80.23960640941499,
              12.96493473694377
            ],
            [
              80.23935306214841,
              12.965320681443362
            ],
            [
              80.23904233479325,
              12.965667528391393
            ],
            [
              80.23826977939324,
              12.966030940606318
            ],
            [
              80.23325169445437,
              12.967976594587174
            ],
            [
              80.23322224030517,
              12.966910830450473
            ],
            [
              80.23312999535291,
              12.966445286843856
            ],
            [
              80.23326792659849,
              12.966058640342371
            ],
            [
              80.23430596238316,
              12.963875661262897
            ],
            [
              80.23448220167484,
              12.96350862203727
            ],
            [
              80.23389993365615,
              12.959572103160575
            ],
            [
              80.23376692124219,
              12.95937755140618
            ],
            [
              80.23355565312555,
              12.959337517851802
            ],
            [
              80.23082671219579,
              12.959883305659831
            ],
            [
              80.23054292005735,
              12.96085301117245
            ],
            [
              80.23035623684667,
              12.961148668238229
            ],
            [
              80.23035027155217,
              12.961853514239461
            ],
            [
              80.2305108958448,
              12.964636921284391
            ],
            [
              80.23088561876357,
              12.968237810041854
            ],
            [
              80.22970597922551,
              12.968341932249341
            ],
            [
              80.22863855073325,
              12.972680301829852
            ],
            [
              80.22888968888373,
              12.972948919964601
            ],
            [
              80.2326324777286,
              12.97614942312625
            ],
            [
              80.23291580876929,
              12.976563839716235
            ],
            [
              80.23303454210502,
              12.977059793816867
            ],
            [
              80.23314314704466,
              12.978752496790257
            ],
            [
              80.23330320443414,
              12.979207432912158
            ],
            [
              80.23387510534111,
              12.97941725805468
            ],
            [
              80.23543214769268,
              12.979426728550598
            ],
            [
              80.24269097365742,
              12.978728031478509
            ],
            [
              80.24314134718844,
              12.978772040140328
            ],
            [
              80.24292428433102,
              12.977737665431665
            ],
            [
              80.24265067128368,
              12.977008057864756
            ],
            [
              80.24267676788384,
              12.976679467982494
            ],
            [
              80.24291170098974,
              12.976469558537833
            ],
            [
              80.24499264953992,
              12.975777754311583
            ],
            [
              80.24571917352092,
              12.975336014464409
            ],
            [
              80.245909663678,
              12.974867532221422
            ],
            [
              80.24620632875518,
              12.97287336293536
            ],
            [
              80.2464193384731,
              12.972498945839137
            ],
            [
              80.24712095820051,
              12.972244910864415
            ],
            [
              80.24784628983515,
              12.971944056026878
            ],
            [
              80.24791702810874,
              12.971850558108011
            ],
            [
              80.24787477112805,
              12.97133369612534
            ],
            [
              80.24773925631295,
              12.970816266914726
            ],
            [
              80.24772329465696,
              12.96994733421504
            ],
            [
              80.24763440875914,
              12.969430188618343
            ],
            [
              80.24767521096452,
              12.967364016950514
            ],
            [
              80.24751240720293,
              12.967316062631797
            ],
            [
              80.24751658041522,
              12.966822965098043
            ],
            [
              80.24779655264322,
              12.966801185946954
            ],
            [
              80.24800797256614,
              12.966614615530405
            ],
            [
              80.24791849049505,
              12.966167912438442
            ],
            [
              80.24755440175471,
              12.965109005954332
            ],
            [
              80.24770603620811,
              12.96505511565713
            ],
            [
              80.24712421053036,
              12.963907084482072
            ],
            [
              80.24589025606906,
              12.963863546332806
            ],
            [
              80.24566228853027,
              12.963321667884712
            ],
            [
              80.2441932004599,
              12.963582978291948
            ],
            [
              80.24389806235295,
              12.962382007538567
            ]
          ]
        ]
      },
      "properties": {
        "ZONE_NO": "XIV",
        "WARD_NO": 184,
        "ZONE_NAME": "PERUNGUDI",
        "POLITICAL_": 339
      }
    },
    {
      "type": "Feature",
      "geometry": {
        "type": "Polygon",
        "coordinates": [
          [
            [
              80.24389806235295,
              12.962382007538567
            ],
            [
              80.24332854115788,
              12.960064521985998
            ],
            [
              80.24592959322047,
              12.959215555540466
            ],
            [
              80.24593411322924,
              12.958721526143018
            ],
            [
              80.24587312422771,
              12.955444865534034
            ],
            [
              80.24601485341086,
              12.952675773604104
            ],
            [
              80.24668509566551,
              12.950356663052874
            ],
            [
              80.24671844846166,
              12.949910099146084
            ],
            [
              80.24657184932568,
              12.94976028522012
            ],
            [
              80.24627587838746,
              12.94978826946916
            ],
            [
              80.24381258958293,
              12.950815742651969
            ],
            [
              80.24227107051048,
              12.95125313334485
            ],
            [
              80.24203273098458,
              12.951460174837125
            ],
            [
              80.24197182278503,
              12.951668295531091
            ],
            [
              80.2419106625249,
              12.951906199143155
            ],
            [
              80.2417615427833,
              12.952054214399832
            ],
            [
              80.24051549052814,
              12.952523186680603
            ],
            [
              80.23882308728999,
              12.953317073057717
            ],
            [
              80.2361002050702,
              12.953568571563494
            ],
            [
              80.2345622148456,
              12.953589001401081
            ],
            [
              80.23314528483841,
              12.953282538605352
            ],
            [
              80.23239960470612,
              12.9547429580479
            ],
            [
              80.2319846945402,
              12.955890505509435
            ],
            [
              80.2308463854299,
              12.959816083065997
            ],
            [
              80.23082671219579,
              12.959883305659831
            ],
            [
              80.23355565312555,
              12.959337517851802
            ],
            [
              80.23376692124219,
              12.95937755140618
            ],
            [
              80.23389993365615,
              12.959572103160575
            ],
            [
              80.23448220167484,
              12.96350862203727
            ],
            [
              80.23430596238316,
              12.963875661262897
            ],
            [
              80.23326792659849,
              12.966058640342371
            ],
            [
              80.23312999535291,
              12.966445286843856
            ],
            [
              80.23322224030517,
              12.966910830450473
            ],
            [
              80.23325169445437,
              12.967976594587174
            ],
            [
              80.23826977939324,
              12.966030940606318
            ],
            [
              80.23904233479325,
              12.965667528391393
            ],
            [
              80.23935306214841,
              12.965320681443362
            ],
            [
              80.23960640941499,
              12.96493473694377
            ],
            [
              80.23966756060756,
              12.964528249165673
            ],
            [
              80.23957974260368,
              12.963539627128752
            ],
            [
              80.2389280139392,
              12.963264423264222
            ],
            [
              80.23860296941234,
              12.96302995495585
            ],
            [
              80.2384702849204,
              12.962796656651046
            ],
            [
              80.23854854062286,
              12.962642138450855
            ],
            [
              80.23895266065743,
              12.962625222182925
            ],
            [
              80.23935251770487,
              12.963112011070072
            ],
            [
              80.23952482193111,
              12.963209930449338
            ],
            [
              80.23981172237315,
              12.963405418206499
            ],
            [
              80.24017753436195,
              12.963368894662652
            ],
            [
              80.24224103349067,
              12.962761468893122
            ],
            [
              80.24389806235295,
              12.962382007538567
            ]
          ]
        ]
      },
      "properties": {
        "ZONE_NO": "XIV",
        "WARD_NO": 186,
        "ZONE_NAME": "PERUNGUDI",
        "POLITICAL_": 341
      }
    },
    {
      "type": "Feature",
      "geometry": {
        "type": "Polygon",
        "coordinates": [
          [
            [
              80.19368805579145,
              12.968043164739473
            ],
            [
              80.1944603876816,
              12.96785923968149
            ],
            [
              80.19441838258764,
              12.967750913733216
            ],
            [
              80.19439930066119,
              12.967469814479095
            ],
            [
              80.19540882761241,
              12.967367884329834
            ],
            [
              80.1954946669631,
              12.96736840643588
            ],
            [
              80.19598842614555,
              12.967349795566582
            ],
            [
              80.1960753629937,
              12.967220639798393
            ],
            [
              80.19605554940227,
              12.967025992460362
            ],
            [
              80.19597355129282,
              12.96657159779439
            ],
            [
              80.19586379937503,
              12.966248065232161
            ],
            [
              80.19586580009643,
              12.966011664419282
            ],
            [
              80.19625754323235,
              12.965951003681267
            ],
            [
              80.19629164101114,
              12.965620232901555
            ],
            [
              80.19611950878266,
              12.965619185930954
            ],
            [
              80.1961229766997,
              12.965209424522197
            ],
            [
              80.19612631123536,
              12.964815423167538
            ],
            [
              80.19814521958664,
              12.9647961811689
            ],
            [
              80.19814931165332,
              12.962463597970373
            ],
            [
              80.19683524750722,
              12.962408322759584
            ],
            [
              80.19649009724664,
              12.958812746105636
            ],
            [
              80.19636811132555,
              12.9584337433719
            ],
            [
              80.19615023437672,
              12.958290570376288
            ],
            [
              80.19563357092838,
              12.958318949572897
            ],
            [
              80.19559662938207,
              12.957136659971535
            ],
            [
              80.1936122189537,
              12.956777851027951
            ],
            [
              80.19353050911454,
              12.957187136540972
            ],
            [
              80.19219378208838,
              12.95721294002109
            ],
            [
              80.19227708990043,
              12.957326608304518
            ],
            [
              80.19225315882207,
              12.957464045094769
            ],
            [
              80.19120705296662,
              12.95732009995206
            ],
            [
              80.18986265077837,
              12.95744950515843
            ],
            [
              80.18808121718317,
              12.958103651181359
            ],
            [
              80.18787515215858,
              12.958239980167098
            ],
            [
              80.18791952130992,
              12.958377832384096
            ],
            [
              80.18807888851283,
              12.958378801713188
            ],
            [
              80.18858092120003,
              12.958244272910205
            ],
            [
              80.18876189081098,
              12.95838295598071
            ],
            [
              80.1889611638806,
              12.959049149379517
            ],
            [
              80.18934528767835,
              12.959395441629136
            ],
            [
              80.18956616315604,
              12.960199348769525
            ],
            [
              80.19050379921892,
              12.965089225158993
            ],
            [
              80.19054622781158,
              12.96545636948597
            ],
            [
              80.19040807490519,
              12.965638972320265
            ],
            [
              80.19008856427585,
              12.965728750505896
            ],
            [
              80.18992764462618,
              12.96591121486483
            ],
            [
              80.19016895817681,
              12.966990411012405
            ],
            [
              80.19044021853749,
              12.967221364829227
            ],
            [
              80.19078036129557,
              12.967383946439886
            ],
            [
              80.19084769124606,
              12.967499007921578
            ],
            [
              80.19115109413666,
              12.9685925839065
            ],
            [
              80.19368805579145,
              12.968043164739473
            ]
          ]
        ]
      },
      "properties": {
        "ZONE_NO": "XIV",
        "WARD_NO": 187,
        "ZONE_NAME": "PERUNGUDI",
        "POLITICAL_": 342
      }
    },
    {
      "type": "Feature",
      "geometry": {
        "type": "Polygon",
        "coordinates": [
          [
            [
              80.19076093922152,
              12.9745296929927
            ],
            [
              80.191167320205,
              12.974547381682664
            ],
            [
              80.19156774234662,
              12.974469294387317
            ],
            [
              80.19204623863824,
              12.974613119689094
            ],
            [
              80.19248629412402,
              12.974575534861968
            ],
            [
              80.19232844219844,
              12.974333006325791
            ],
            [
              80.19203374755739,
              12.973727292827054
            ],
            [
              80.19231424749171,
              12.973648476121374
            ],
            [
              80.19273567884329,
              12.973449732399962
            ],
            [
              80.19295485477333,
              12.97353158831535
            ],
            [
              80.19301055681247,
              12.974035194664483
            ],
            [
              80.19325023086483,
              12.974056783150973
            ],
            [
              80.19331615465897,
              12.973352609554443
            ],
            [
              80.19357683792121,
              12.973253541614712
            ],
            [
              80.19383547683255,
              12.973396029663986
            ],
            [
              80.19453434159222,
              12.97348080322075
            ],
            [
              80.19535381000965,
              12.973485787524675
            ],
            [
              80.19581214890407,
              12.973649620923668
            ],
            [
              80.19721073023626,
              12.973718519708193
            ],
            [
              80.19736790071151,
              12.97404156690748
            ],
            [
              80.19756504525606,
              12.974364857243541
            ],
            [
              80.19746051029338,
              12.974907750377234
            ],
            [
              80.19745693267913,
              12.975330473358198
            ],
            [
              80.19751484943185,
              12.975572394052428
            ],
            [
              80.19789341055066,
              12.975715611512257
            ],
            [
              80.20086721963726,
              12.97623696684603
            ],
            [
              80.20105976439187,
              12.977103758157902
            ],
            [
              80.20129603119248,
              12.977527939959579
            ],
            [
              80.20132987220872,
              12.978252851063663
            ],
            [
              80.20132919075841,
              12.978333369726837
            ],
            [
              80.20140046213093,
              12.978497005649695
            ],
            [
              80.20150402257686,
              12.97830935224594
            ],
            [
              80.20182836674832,
              12.978140158392264
            ],
            [
              80.20211712849911,
              12.978159031409056
            ],
            [
              80.20227225188485,
              12.97790322497697
            ],
            [
              80.20222226687316,
              12.977589547228614
            ],
            [
              80.20221352677342,
              12.977460795264982
            ],
            [
              80.20237205157034,
              12.977313260851147
            ],
            [
              80.20352408514896,
              12.977082670146366
            ],
            [
              80.20432184664321,
              12.976899424170197
            ],
            [
              80.2045385091581,
              12.976851242450364
            ],
            [
              80.20464755255566,
              12.976743006704687
            ],
            [
              80.20467930241225,
              12.97647590230453
            ],
            [
              80.20472029505567,
              12.976278153477939
            ],
            [
              80.20482841686021,
              12.976278811113941
            ],
            [
              80.20508188295973,
              12.97652785048494
            ],
            [
              80.20580248840905,
              12.97849241524
            ],
            [
              80.20591876384495,
              12.978691120628103
            ],
            [
              80.20601697261357,
              12.978701617877418
            ],
            [
              80.20631335832353,
              12.978525222259945
            ],
            [
              80.20647112908982,
              12.978466782431163
            ],
            [
              80.2066278107009,
              12.978537034781093
            ],
            [
              80.20740462127456,
              12.97962742176693
            ],
            [
              80.20719363238508,
              12.978615297100358
            ],
            [
              80.20732004933163,
              12.978203372746028
            ],
            [
              80.2076079206879,
              12.978081315703749
            ],
            [
              80.2082645652325,
              12.977961501673487
            ],
            [
              80.20896218457592,
              12.977841936866628
            ],
            [
              80.20925005593222,
              12.977719879824065
            ],
            [
              80.20925284997253,
              12.977389742204132
            ],
            [
              80.20937926691909,
              12.976977817850086
            ],
            [
              80.20958623644287,
              12.97673146075265
            ],
            [
              80.20999807996022,
              12.976486349773666
            ],
            [
              80.20995954994672,
              12.976197230132632
            ],
            [
              80.20959287228852,
              12.975947383905176
            ],
            [
              80.20930849348277,
              12.975656768922686
            ],
            [
              80.20939323712052,
              12.975327129749902
            ],
            [
              80.20968180698667,
              12.975122538302495
            ],
            [
              80.21009330124919,
              12.974918694525758
            ],
            [
              80.21070792322995,
              12.97492243287941
            ],
            [
              80.21095447053253,
              12.974841393815746
            ],
            [
              80.21107983971385,
              12.97455327106919
            ],
            [
              80.21120800293559,
              12.97393501070236
            ],
            [
              80.21125805836522,
              12.972862312660778
            ],
            [
              80.21208803199085,
              12.971629281057247
            ],
            [
              80.2149758261835,
              12.969335763367676
            ],
            [
              80.21593536587697,
              12.968553260374847
            ],
            [
              80.21371373798004,
              12.962916626714263
            ],
            [
              80.21138943292225,
              12.963233365668804
            ],
            [
              80.21131999642364,
              12.963674111624611
            ],
            [
              80.21142688790154,
              12.963983579583028
            ],
            [
              80.21144393530302,
              12.96455720205338
            ],
            [
              80.21004096522519,
              12.964703077583843
            ],
            [
              80.20850602917983,
              12.96491432569326
            ],
            [
              80.20407400216702,
              12.96583588033041
            ],
            [
              80.20240896691857,
              12.965891928226528
            ],
            [
              80.20212462740508,
              12.96584608194114
            ],
            [
              80.20173451647243,
              12.965358424021998
            ],
            [
              80.20149379226197,
              12.965334901435313
            ],
            [
              80.20155128146635,
              12.966305821351835
            ],
            [
              80.20156907557356,
              12.966791214705331
            ],
            [
              80.19955101101876,
              12.96715393315502
            ],
            [
              80.19924439716272,
              12.967152068218416
            ],
            [
              80.19907049598025,
              12.96699660158543
            ],
            [
              80.19893965007127,
              12.966929630489215
            ],
            [
              80.19874104775205,
              12.967104889835452
            ],
            [
              80.19840991943549,
              12.967411693598608
            ],
            [
              80.19821243717509,
              12.967454609269277
            ],
            [
              80.19795149206307,
              12.967232437959765
            ],
            [
              80.19786519483951,
              12.96707750416581
            ],
            [
              80.19760219628625,
              12.967097962928074
            ],
            [
              80.19668067462953,
              12.96729088363157
            ],
            [
              80.19657564991637,
              12.966760842880674
            ],
            [
              80.19637518991142,
              12.964813051131678
            ],
            [
              80.19612631123536,
              12.964815423167538
            ],
            [
              80.1961229766997,
              12.965209424522197
            ],
            [
              80.19611950878266,
              12.965619185930954
            ],
            [
              80.19629164101114,
              12.965620232901555
            ],
            [
              80.19625754323235,
              12.965951003681267
            ],
            [
              80.19586580009643,
              12.966011664419282
            ],
            [
              80.19586379937503,
              12.966248065232161
            ],
            [
              80.19597355129282,
              12.96657159779439
            ],
            [
              80.19605554940227,
              12.967025992460362
            ],
            [
              80.1960753629937,
              12.967220639798393
            ],
            [
              80.19598842614555,
              12.967349795566582
            ],
            [
              80.1954946669631,
              12.96736840643588
            ],
            [
              80.19540882761241,
              12.967367884329834
            ],
            [
              80.19439930066119,
              12.967469814479095
            ],
            [
              80.19441838258764,
              12.967750913733216
            ],
            [
              80.1944603876816,
              12.96785923968149
            ],
            [
              80.19368805579145,
              12.968043164739473
            ],
            [
              80.19382314270949,
              12.968146686366557
            ],
            [
              80.19390521813466,
              12.968489518844102
            ],
            [
              80.19395011773048,
              12.969208691796451
            ],
            [
              80.19386471063355,
              12.969259522309358
            ],
            [
              80.19355750582339,
              12.969411703747674
            ],
            [
              80.19228175901306,
              12.969540877499288
            ],
            [
              80.19197368507125,
              12.969795753630654
            ],
            [
              80.19049255563277,
              12.970094844803153
            ],
            [
              80.1892640261034,
              12.97066933899199
            ],
            [
              80.18914260201957,
              12.970959583722108
            ],
            [
              80.18944594217203,
              12.973272178286434
            ],
            [
              80.18956128233312,
              12.973700796408485
            ],
            [
              80.18964567544313,
              12.973769776370961
            ],
            [
              80.19005195018462,
              12.973960530777108
            ],
            [
              80.19064342623105,
              12.974357811603689
            ],
            [
              80.19076093922152,
              12.9745296929927
            ]
          ]
        ]
      },
      "properties": {
        "ZONE_NO": "XIV",
        "WARD_NO": 169,
        "ZONE_NAME": "PERUNGUDI",
        "POLITICAL_": 324
      }
    },
    {
      "type": "Feature",
      "geometry": {
        "type": "Polygon",
        "coordinates": [
          [
            [
              80.20140046213093,
              12.978497005649695
            ],
            [
              80.20132919075841,
              12.978333369726837
            ],
            [
              80.20132987220872,
              12.978252851063663
            ],
            [
              80.20129603119248,
              12.977527939959579
            ],
            [
              80.20105976439187,
              12.977103758157902
            ],
            [
              80.20086721963726,
              12.97623696684603
            ],
            [
              80.19789341055066,
              12.975715611512257
            ],
            [
              80.19751484943185,
              12.975572394052428
            ],
            [
              80.19745693267913,
              12.975330473358198
            ],
            [
              80.19746051029338,
              12.974907750377234
            ],
            [
              80.19756504525606,
              12.974364857243541
            ],
            [
              80.19736790071151,
              12.97404156690748
            ],
            [
              80.19721073023626,
              12.973718519708193
            ],
            [
              80.19581214890407,
              12.973649620923668
            ],
            [
              80.19535381000965,
              12.973485787524675
            ],
            [
              80.19453434159222,
              12.97348080322075
            ],
            [
              80.19383547683255,
              12.973396029663986
            ],
            [
              80.19357683792121,
              12.973253541614712
            ],
            [
              80.19331615465897,
              12.973352609554443
            ],
            [
              80.19325023086483,
              12.974056783150973
            ],
            [
              80.19301055681247,
              12.974035194664483
            ],
            [
              80.19295485477333,
              12.97353158831535
            ],
            [
              80.19273567884329,
              12.973449732399962
            ],
            [
              80.19231424749171,
              12.973648476121374
            ],
            [
              80.19203374755739,
              12.973727292827054
            ],
            [
              80.19232844219844,
              12.974333006325791
            ],
            [
              80.19248629412402,
              12.974575534861968
            ],
            [
              80.19204623863824,
              12.974613119689094
            ],
            [
              80.19156774234662,
              12.974469294387317
            ],
            [
              80.191167320205,
              12.974547381682664
            ],
            [
              80.19076093922152,
              12.9745296929927
            ],
            [
              80.19057052312561,
              12.974939334731223
            ],
            [
              80.19053450613895,
              12.97517874894843
            ],
            [
              80.19046319644204,
              12.9755719984719
            ],
            [
              80.19051055857824,
              12.976000203126965
            ],
            [
              80.19058872291002,
              12.976805161723814
            ],
            [
              80.19068822740745,
              12.97709675022147
            ],
            [
              80.19058466696157,
              12.977284403625282
            ],
            [
              80.19022633377764,
              12.977453390745401
            ],
            [
              80.18996967792033,
              12.977657229630596
            ],
            [
              80.18989894764462,
              12.977982016025322
            ],
            [
              80.18984598258746,
              12.980223976759062
            ],
            [
              80.18979224681789,
              12.980548866520543
            ],
            [
              80.18968738267434,
              12.980890561963873
            ],
            [
              80.18980112942724,
              12.981507453690158
            ],
            [
              80.18998546160041,
              12.981816674803815
            ],
            [
              80.19068107751372,
              12.981957839098065
            ],
            [
              80.19101995365136,
              12.982079716908373
            ],
            [
              80.1912902723428,
              12.98226964438038
            ],
            [
              80.19173140522861,
              12.982357910826801
            ],
            [
              80.19261584382964,
              12.982277706986604
            ],
            [
              80.19344944376708,
              12.982180077263898
            ],
            [
              80.19411425748483,
              12.981944487616472
            ],
            [
              80.19580497035477,
              12.980979121339224
            ],
            [
              80.19628574160987,
              12.980400079013608
            ],
            [
              80.19661037549209,
              12.980196653595456
            ],
            [
              80.19710394044945,
              12.980114072320095
            ],
            [
              80.19746169421235,
              12.980013548328657
            ],
            [
              80.19778618323927,
              12.979827238692776
            ],
            [
              80.19822847496728,
              12.979778578881543
            ],
            [
              80.19880672274549,
              12.97973074600428
            ],
            [
              80.19904493554341,
              12.979697961574363
            ],
            [
              80.19941794554879,
              12.979802930335893
            ],
            [
              80.19979196954147,
              12.979788088622216
            ],
            [
              80.2001855954357,
              12.97946526619567
            ],
            [
              80.2004926553904,
              12.97933020053945
            ],
            [
              80.2010714825896,
              12.979213904533676
            ],
            [
              80.20137897711022,
              12.979027491530822
            ],
            [
              80.20144956253081,
              12.978719820918366
            ],
            [
              80.20140046213093,
              12.978497005649695
            ]
          ]
        ]
      },
      "properties": {
        "ZONE_NO": "XIV",
        "WARD_NO": 168,
        "ZONE_NAME": "PERUNGUDI",
        "POLITICAL_": 323
      }
    },
    {
      "type": "Feature",
      "geometry": {
        "type": "Polygon",
        "coordinates": [
          [
            [
              80.2275064930741,
              12.921522915444063
            ],
            [
              80.22626435461703,
              12.913701827089664
            ],
            [
              80.21938830096032,
              12.915476855973013
            ],
            [
              80.21722417907927,
              12.912604385667134
            ],
            [
              80.2140581418619,
              12.909308839029675
            ],
            [
              80.21123833863675,
              12.909425698106817
            ],
            [
              80.20879072900948,
              12.909497283351326
            ],
            [
              80.20922856669252,
              12.91212009002115
            ],
            [
              80.2093713383971,
              12.913560232119643
            ],
            [
              80.20943477618223,
              12.914202221913788
            ],
            [
              80.2089866967489,
              12.9142515184736
            ],
            [
              80.20877950704674,
              12.914319620859269
            ],
            [
              80.20845209260519,
              12.914352310700092
            ],
            [
              80.20834952500992,
              12.91426498361135
            ],
            [
              80.20835084576744,
              12.9141089258207
            ],
            [
              80.20826520156213,
              12.914056382960448
            ],
            [
              80.20823076777904,
              12.9140561735217
            ],
            [
              80.20807478849896,
              12.914176609328814
            ],
            [
              80.20771264677275,
              12.914243769239876
            ],
            [
              80.20712741921017,
              12.91422286902676
            ],
            [
              80.20704074774893,
              12.914291704447818
            ],
            [
              80.20710594654413,
              12.914725617187994
            ],
            [
              80.20723927915158,
              12.915246647578272
            ],
            [
              80.20769899894472,
              12.915856366409097
            ],
            [
              80.2080577654016,
              12.916188020851648
            ],
            [
              80.20834737079073,
              12.916553935925696
            ],
            [
              80.20850114880808,
              12.91669359643617
            ],
            [
              80.20860239564581,
              12.916936981315388
            ],
            [
              80.2086333074088,
              12.917353344862372
            ],
            [
              80.20878459066208,
              12.917787781199362
            ],
            [
              80.20893807517768,
              12.917962121218764
            ],
            [
              80.20916057401055,
              12.918119540361285
            ],
            [
              80.20927889098907,
              12.918380369714491
            ],
            [
              80.20925961958568,
              12.91862302155831
            ],
            [
              80.20908583641081,
              12.918812711663987
            ],
            [
              80.20892882987485,
              12.919054525752811
            ],
            [
              80.20890955847159,
              12.919297177596638
            ],
            [
              80.20902582093825,
              12.919800763512981
            ],
            [
              80.2091738756728,
              12.92061667444904
            ],
            [
              80.20949453957581,
              12.921381613315518
            ],
            [
              80.20982992560614,
              12.922441432728062
            ],
            [
              80.20996501922346,
              12.922754386064193
            ],
            [
              80.20991175428968,
              12.922944809205658
            ],
            [
              80.20973855811792,
              12.923065140293398
            ],
            [
              80.20958257883804,
              12.923185576100568
            ],
            [
              80.20961569186355,
              12.923341843329798
            ],
            [
              80.20973488934699,
              12.923498634156074
            ],
            [
              80.20999035445475,
              12.923829660282383
            ],
            [
              80.21019681040264,
              12.923848256669258
            ],
            [
              80.21021314678912,
              12.923952399915736
            ],
            [
              80.2101086714331,
              12.924090489635585
            ],
            [
              80.20990133498009,
              12.924175931775581
            ],
            [
              80.20959157768266,
              12.924156707072278
            ],
            [
              80.20938424122951,
              12.924242149212334
            ],
            [
              80.20914291124575,
              12.924275362650194
            ],
            [
              80.2089888397268,
              12.924170381648725
            ],
            [
              80.20807649122443,
              12.924147491767316
            ],
            [
              80.20780204821516,
              12.92402443797584
            ],
            [
              80.20702743484526,
              12.924002385849366
            ],
            [
              80.20692530750249,
              12.923863039497075
            ],
            [
              80.2067750515053,
              12.92330722487855
            ],
            [
              80.20653695004,
              12.92295896371723
            ],
            [
              80.20635578227986,
              12.921986785551544
            ],
            [
              80.206290143232,
              12.921604892074981
            ],
            [
              80.20599833658035,
              12.921499073318515
            ],
            [
              80.20539530512278,
              12.921547427403953
            ],
            [
              80.20453284628518,
              12.92173292873487
            ],
            [
              80.20444588132224,
              12.921836443664926
            ],
            [
              80.20442338140045,
              12.922460570107816
            ],
            [
              80.20447253731092,
              12.922755660092632
            ],
            [
              80.20488339469502,
              12.923035609429759
            ],
            [
              80.20498508178525,
              12.923226975045656
            ],
            [
              80.20504954682652,
              12.923747586558319
            ],
            [
              80.2051325495167,
              12.924112244999872
            ],
            [
              80.2049917326165,
              12.924475542089331
            ],
            [
              80.20481662868406,
              12.924821289985886
            ],
            [
              80.20493391840658,
              12.925203497620574
            ],
            [
              80.20508520165959,
              12.925637933957733
            ],
            [
              80.20511875493781,
              12.925742181923413
            ],
            [
              80.20382923827307,
              12.92575966600499
            ],
            [
              80.20310737322617,
              12.925929412052911
            ],
            [
              80.2030601364701,
              12.928105833401611
            ],
            [
              80.20245476211421,
              12.928131174077622
            ],
            [
              80.20216586872654,
              12.928216485269571
            ],
            [
              80.20013764152516,
              12.926114508543256
            ],
            [
              80.19899655924165,
              12.924743497307134
            ],
            [
              80.19747062725708,
              12.922064120079861
            ],
            [
              80.19746399377183,
              12.922847918025457
            ],
            [
              80.19763933576294,
              12.923651548214503
            ],
            [
              80.19754632823114,
              12.92388028642198
            ],
            [
              80.19619940331677,
              12.924307771371247
            ],
            [
              80.19576586491522,
              12.924419786390033
            ],
            [
              80.19542087076066,
              12.92483043505393
            ],
            [
              80.19500350120335,
              12.925722181721717
            ],
            [
              80.19495389254375,
              12.926203418201299
            ],
            [
              80.19510704995912,
              12.926938122281795
            ],
            [
              80.19501346025984,
              12.927235648122357
            ],
            [
              80.19500938508679,
              12.927717161552934
            ],
            [
              80.19527113671049,
              12.929071646707872
            ],
            [
              80.19566968284965,
              12.930404033505484
            ],
            [
              80.19575822709646,
              12.930702667150547
            ],
            [
              80.19448290136148,
              12.930740770939797
            ],
            [
              80.19449926426148,
              12.931497573377907
            ],
            [
              80.19581954131534,
              12.931528534172738
            ],
            [
              80.19578998261709,
              12.932330918081645
            ],
            [
              80.19592017923348,
              12.933088412897508
            ],
            [
              80.19589314326123,
              12.93359271706357
            ],
            [
              80.19570887470064,
              12.93384383057978
            ],
            [
              80.19470500338218,
              12.934089958974782
            ],
            [
              80.19347288246341,
              12.934403490247094
            ],
            [
              80.19285623983647,
              12.934629043516134
            ],
            [
              80.1927636204164,
              12.93481192330159
            ],
            [
              80.19276187391367,
              12.935018286200512
            ],
            [
              80.19287376707146,
              12.935248270688247
            ],
            [
              80.19330303624413,
              12.935640698311051
            ],
            [
              80.19359628712454,
              12.935963507447445
            ],
            [
              80.1939374001619,
              12.936011443003231
            ],
            [
              80.1941642913712,
              12.93610454460288
            ],
            [
              80.1942078842992,
              12.936334113663861
            ],
            [
              80.19438749551934,
              12.936633301211437
            ],
            [
              80.19516078856724,
              12.936729726225108
            ],
            [
              80.1955485994261,
              12.936640363466223
            ],
            [
              80.19586830411134,
              12.936527656069467
            ],
            [
              80.19607262263324,
              12.936597689982642
            ],
            [
              80.19609344881788,
              12.936827120568042
            ],
            [
              80.19590762781043,
              12.9372616677721
            ],
            [
              80.1959288421067,
              12.937445239935476
            ],
            [
              80.19626820864154,
              12.937699538390174
            ],
            [
              80.19676616615551,
              12.938046523017718
            ],
            [
              80.19699092275037,
              12.938391845938307
            ],
            [
              80.19701097271168,
              12.938712993367691
            ],
            [
              80.19737213571038,
              12.939082076352683
            ],
            [
              80.19782591812898,
              12.93926827955233
            ],
            [
              80.19834586616288,
              12.939707119499325
            ],
            [
              80.19931629766592,
              12.94072195923268
            ],
            [
              80.19937455485322,
              12.940841700686452
            ],
            [
              80.20541015827985,
              12.938816282019356
            ],
            [
              80.20363044907887,
              12.932182852302754
            ],
            [
              80.2116512588533,
              12.931021415563254
            ],
            [
              80.21156307563493,
              12.92960895328735
            ],
            [
              80.21140443922128,
              12.928633087177207
            ],
            [
              80.21134024496335,
              12.928330141171674
            ],
            [
              80.21103927967353,
              12.928395545158924
            ],
            [
              80.21070522151486,
              12.928427130579848
            ],
            [
              80.21043962507139,
              12.92825742870768
            ],
            [
              80.21018370153077,
              12.926944798025453
            ],
            [
              80.21038567271046,
              12.926744322785474
            ],
            [
              80.21550862606952,
              12.924859297276155
            ],
            [
              80.21561302562516,
              12.924355673017239
            ],
            [
              80.21681267478915,
              12.924296825441147
            ],
            [
              80.21680035293298,
              12.923677707902561
            ],
            [
              80.21787185526144,
              12.923648851305558
            ],
            [
              80.21794748660862,
              12.923012581798867
            ],
            [
              80.21805629350645,
              12.92260644418384
            ],
            [
              80.2275064930741,
              12.921522915444063
            ]
          ]
        ]
      },
      "properties": {
        "ZONE_NO": "XIV",
        "WARD_NO": 190,
        "ZONE_NAME": "PERUNGUDI",
        "POLITICAL_": 345
      }
    },
    {
      "type": "Feature",
      "geometry": {
        "type": "Polygon",
        "coordinates": [
          [
            [
              80.21762851364103,
              12.967738154324746
            ],
            [
              80.21710940544288,
              12.965595280288143
            ],
            [
              80.21633684834276,
              12.96408052581002
            ],
            [
              80.21543002235555,
              12.961558250989338
            ],
            [
              80.21389129782172,
              12.95777375314446
            ],
            [
              80.21231565909791,
              12.954132845584153
            ],
            [
              80.2112712172556,
              12.950998520791126
            ],
            [
              80.20927968826804,
              12.945880981832184
            ],
            [
              80.20868318256207,
              12.944654927782604
            ],
            [
              80.2082663794887,
              12.943286151939514
            ],
            [
              80.20791245108083,
              12.942924462193567
            ],
            [
              80.20734434000931,
              12.94256146971086
            ],
            [
              80.20674205317633,
              12.942018500846313
            ],
            [
              80.20617911469212,
              12.941044326882313
            ],
            [
              80.20541015827985,
              12.938816282019356
            ],
            [
              80.19937455485322,
              12.940841700686452
            ],
            [
              80.1997862489285,
              12.941687894081227
            ],
            [
              80.20038406813731,
              12.94368647427757
            ],
            [
              80.20101888237458,
              12.946694216708329
            ],
            [
              80.2015003451407,
              12.948990184269542
            ],
            [
              80.20198685335934,
              12.95068999234507
            ],
            [
              80.20193472197337,
              12.951469308567326
            ],
            [
              80.20170142692075,
              12.952132870930033
            ],
            [
              80.20130915277693,
              12.952749605541626
            ],
            [
              80.20073687930142,
              12.953113011027833
            ],
            [
              80.19932204226892,
              12.95349422212833
            ],
            [
              80.19738648097898,
              12.953528310125469
            ],
            [
              80.19474728526188,
              12.953305884059018
            ],
            [
              80.19377103208326,
              12.952978920655108
            ],
            [
              80.19359258519839,
              12.952542157841698
            ],
            [
              80.19371398709328,
              12.95164861099126
            ],
            [
              80.19353282342622,
              12.951532857131708
            ],
            [
              80.19325962250697,
              12.951531195424701
            ],
            [
              80.19266594067922,
              12.951733957958377
            ],
            [
              80.1924355564645,
              12.952053582156383
            ],
            [
              80.19240502748681,
              12.952970612120058
            ],
            [
              80.19219294673063,
              12.95381774664614
            ],
            [
              80.19205440571231,
              12.954046207902442
            ],
            [
              80.19159848867929,
              12.954112226023847
            ],
            [
              80.19066408192577,
              12.954221194579777
            ],
            [
              80.19052534685176,
              12.95447258504698
            ],
            [
              80.19063394105994,
              12.955092366121486
            ],
            [
              80.19076045061482,
              12.956285515946188
            ],
            [
              80.19187446858835,
              12.956475734937666
            ],
            [
              80.19194082825956,
              12.956705442474231
            ],
            [
              80.19214204188779,
              12.957142343763165
            ],
            [
              80.19219378208838,
              12.95721294002109
            ],
            [
              80.19353050911454,
              12.957187136540972
            ],
            [
              80.1936122189537,
              12.956777851027951
            ],
            [
              80.19559662938207,
              12.957136659971535
            ],
            [
              80.19563357092838,
              12.958318949572897
            ],
            [
              80.19615023437672,
              12.958290570376288
            ],
            [
              80.19636811132555,
              12.9584337433719
            ],
            [
              80.19649009724664,
              12.958812746105636
            ],
            [
              80.19683524750722,
              12.962408322759584
            ],
            [
              80.19814931165332,
              12.962463597970373
            ],
            [
              80.19814521958664,
              12.9647961811689
            ],
            [
              80.19637518991142,
              12.964813051131678
            ],
            [
              80.19657564991637,
              12.966760842880674
            ],
            [
              80.19668067462953,
              12.96729088363157
            ],
            [
              80.19760219628625,
              12.967097962928074
            ],
            [
              80.19786519483951,
              12.96707750416581
            ],
            [
              80.19795149206307,
              12.967232437959765
            ],
            [
              80.19821243717509,
              12.967454609269277
            ],
            [
              80.19840991943549,
              12.967411693598608
            ],
            [
              80.19874104775205,
              12.967104889835452
            ],
            [
              80.19893965007127,
              12.966929630489215
            ],
            [
              80.19907049598025,
              12.96699660158543
            ],
            [
              80.19924439716272,
              12.967152068218416
            ],
            [
              80.19955101101876,
              12.96715393315502
            ],
            [
              80.20156907557356,
              12.966791214705331
            ],
            [
              80.20155128146635,
              12.966305821351835
            ],
            [
              80.20149379226197,
              12.965334901435313
            ],
            [
              80.20173451647243,
              12.965358424021998
            ],
            [
              80.20212462740508,
              12.96584608194114
            ],
            [
              80.20240896691857,
              12.965891928226528
            ],
            [
              80.20407400216702,
              12.96583588033041
            ],
            [
              80.20850602917983,
              12.96491432569326
            ],
            [
              80.21004096522519,
              12.964703077583843
            ],
            [
              80.21144393530302,
              12.96455720205338
            ],
            [
              80.21142688790154,
              12.963983579583028
            ],
            [
              80.21131999642364,
              12.963674111624611
            ],
            [
              80.21138943292225,
              12.963233365668804
            ],
            [
              80.21371373798004,
              12.962916626714263
            ],
            [
              80.21593536587697,
              12.968553260374847
            ],
            [
              80.21613115341376,
              12.968393595970388
            ],
            [
              80.21762851364103,
              12.967738154324746
            ]
          ]
        ]
      },
      "properties": {
        "ZONE_NO": "XIV",
        "WARD_NO": 188,
        "ZONE_NAME": "PERUNGUDI",
        "POLITICAL_": 343
      }
    },
    {
      "type": "Feature",
      "geometry": {
        "type": "Polygon",
        "coordinates": [
          [
            [
              80.21762851364103,
              12.967738154324746
            ],
            [
              80.21919254317437,
              12.971550614149237
            ],
            [
              80.22004927143946,
              12.973785040751954
            ],
            [
              80.22071619151457,
              12.975454884735788
            ],
            [
              80.22127103773605,
              12.975997190772755
            ],
            [
              80.22124636752015,
              12.978912168904431
            ],
            [
              80.22112185490231,
              12.979254367830663
            ],
            [
              80.22115329204084,
              12.98128779970958
            ],
            [
              80.22184888773128,
              12.982443383723279
            ],
            [
              80.22201375193526,
              12.98308130525027
            ],
            [
              80.22275861365975,
              12.984163698291372
            ],
            [
              80.2229731585234,
              12.984679437616615
            ],
            [
              80.22323800598468,
              12.98499950789644
            ],
            [
              80.22326025490521,
              12.985244611977485
            ],
            [
              80.22320850111834,
              12.985611750324594
            ],
            [
              80.22303430784099,
              12.986076131452574
            ],
            [
              80.22298890567376,
              12.98719715475215
            ],
            [
              80.22324182986632,
              12.98723512924132
            ],
            [
              80.22402765575265,
              12.98744329559198
            ],
            [
              80.22701767305557,
              12.98729877262255
            ],
            [
              80.23016975485142,
              12.987094219386536
            ],
            [
              80.23176607532642,
              12.986981896782531
            ],
            [
              80.23241347268645,
              12.986843463816852
            ],
            [
              80.23253532227082,
              12.986762850281085
            ],
            [
              80.23261712906887,
              12.986641315855984
            ],
            [
              80.23255913036,
              12.986335883077553
            ],
            [
              80.23218750214087,
              12.984909915990361
            ],
            [
              80.23157355173326,
              12.983482475011568
            ],
            [
              80.23242426123069,
              12.983182569325797
            ],
            [
              80.23460825913133,
              12.9828297571816
            ],
            [
              80.23425699655023,
              12.98138357529824
            ],
            [
              80.23409630903754,
              12.981280904602151
            ],
            [
              80.23371056676882,
              12.981522622385157
            ],
            [
              80.23320417977338,
              12.98170259036158
            ],
            [
              80.23306316940878,
              12.981661055350775
            ],
            [
              80.2331867402187,
              12.98137706561133
            ],
            [
              80.23330320443414,
              12.979207432912158
            ],
            [
              80.23314314704466,
              12.978752496790257
            ],
            [
              80.23303454210502,
              12.977059793816867
            ],
            [
              80.23291580876929,
              12.976563839716235
            ],
            [
              80.2326324777286,
              12.97614942312625
            ],
            [
              80.22888968888373,
              12.972948919964601
            ],
            [
              80.22714348901526,
              12.971081179238169
            ],
            [
              80.22542544762328,
              12.969275513772137
            ],
            [
              80.22445078382977,
              12.968237852343956
            ],
            [
              80.22277640516269,
              12.967567358937446
            ],
            [
              80.22130305868379,
              12.967352050875897
            ],
            [
              80.21958281564744,
              12.967259049080663
            ],
            [
              80.21826987581316,
              12.967457409938708
            ],
            [
              80.21762851364103,
              12.967738154324746
            ]
          ]
        ]
      },
      "properties": {
        "ZONE_NO": "XIII",
        "WARD_NO": 179,
        "ZONE_NAME": "ADYAR",
        "POLITICAL_": 334
      }
    },
    {
      "type": "Feature",
      "geometry": {
        "type": "Polygon",
        "coordinates": [
          [
            [
              80.24970295445685,
              12.995096667428317
            ],
            [
              80.24986189950644,
              12.994446934355553
            ],
            [
              80.25063114955964,
              12.994518652624915
            ],
            [
              80.25168969190588,
              12.990469890718506
            ],
            [
              80.25181496084983,
              12.990275007018964
            ],
            [
              80.25222232275955,
              12.990135197010273
            ],
            [
              80.25303478878645,
              12.990122352756702
            ],
            [
              80.25342419062439,
              12.990018005441417
            ],
            [
              80.25379472927364,
              12.990055831124504
            ],
            [
              80.25404090209604,
              12.990181830201822
            ],
            [
              80.25421779346274,
              12.990147334186329
            ],
            [
              80.25439739418037,
              12.989792707254608
            ],
            [
              80.25450485357194,
              12.989615501197393
            ],
            [
              80.25540079813877,
              12.990172315616011
            ],
            [
              80.25566462999397,
              12.990298422101969
            ],
            [
              80.25591896151515,
              12.990367481024403
            ],
            [
              80.25591237433096,
              12.988320409727754
            ],
            [
              80.25582182613256,
              12.987717790971628
            ],
            [
              80.2545973508048,
              12.982652971991802
            ],
            [
              80.25421966861664,
              12.982072689502854
            ],
            [
              80.25354498561114,
              12.981724171715738
            ],
            [
              80.25305328802658,
              12.981721181032816
            ],
            [
              80.25268626111315,
              12.981512602008182
            ],
            [
              80.25269569099912,
              12.980398387540545
            ],
            [
              80.25261793246213,
              12.979902682663493
            ],
            [
              80.2524137569786,
              12.979818902140774
            ],
            [
              80.25093342539898,
              12.980428938129224
            ],
            [
              80.2491694135236,
              12.980665824730524
            ],
            [
              80.24781619740074,
              12.98078140196015
            ],
            [
              80.24508822999006,
              12.98113623341454
            ],
            [
              80.24418573665307,
              12.981254552103515
            ],
            [
              80.24373501386718,
              12.981251810644169
            ],
            [
              80.24328568810124,
              12.981084000374857
            ],
            [
              80.24320758030926,
              12.980629562700113
            ],
            [
              80.24329965830269,
              12.979433312274844
            ],
            [
              80.24334377639676,
              12.979062156675838
            ],
            [
              80.24314134718844,
              12.978772040140328
            ],
            [
              80.24269097365742,
              12.978728031478509
            ],
            [
              80.23543214769268,
              12.979426728550598
            ],
            [
              80.23387510534111,
              12.97941725805468
            ],
            [
              80.23330320443414,
              12.979207432912158
            ],
            [
              80.2331867402187,
              12.98137706561133
            ],
            [
              80.23306316940878,
              12.981661055350775
            ],
            [
              80.23320417977338,
              12.98170259036158
            ],
            [
              80.23371056676882,
              12.981522622385157
            ],
            [
              80.23409630903754,
              12.981280904602151
            ],
            [
              80.23425699655023,
              12.98138357529824
            ],
            [
              80.23460825913133,
              12.9828297571816
            ],
            [
              80.23507684166312,
              12.982670378515545
            ],
            [
              80.2355927593949,
              12.982649906290636
            ],
            [
              80.23600671805609,
              12.98359683307975
            ],
            [
              80.23628482179467,
              12.983976288184444
            ],
            [
              80.23658836534837,
              12.984119795787644
            ],
            [
              80.23691774833604,
              12.983980137873065
            ],
            [
              80.23731765630393,
              12.983817298693383
            ],
            [
              80.23797262590489,
              12.983986554020769
            ],
            [
              80.23890729771774,
              12.984346392386858
            ],
            [
              80.23963319191758,
              12.984445248432797
            ],
            [
              80.24070291941659,
              12.985466994516218
            ],
            [
              80.24098162258247,
              12.985775622596286
            ],
            [
              80.24100146774136,
              12.986200727325825
            ],
            [
              80.24064604551094,
              12.986647159766683
            ],
            [
              80.24057112472913,
              12.987189739213344
            ],
            [
              80.24137066915088,
              12.992436071963242
            ],
            [
              80.24152576980511,
              12.993499475402059
            ],
            [
              80.24139857072828,
              12.994679212909343
            ],
            [
              80.24125352458434,
              12.995197755604542
            ],
            [
              80.2412719710791,
              12.99578812339184
            ],
            [
              80.2431503061168,
              12.995445394752785
            ],
            [
              80.24470105644946,
              12.995029842954219
            ],
            [
              80.24617928371028,
              12.994873562503303
            ],
            [
              80.24892196538963,
              12.994890244487332
            ],
            [
              80.24943768331227,
              12.994893381270652
            ],
            [
              80.24970295445685,
              12.995096667428317
            ]
          ]
        ]
      },
      "properties": {
        "ZONE_NO": "XIII",
        "WARD_NO": 180,
        "ZONE_NAME": "ADYAR",
        "POLITICAL_": 335
      }
    },
    {
      "type": "Feature",
      "geometry": {
        "type": "Polygon",
        "coordinates": [
          [
            [
              80.24314784544157,
              12.99544584373754
            ],
            [
              80.2431478970918,
              12.997673382244304
            ],
            [
              80.24332224251735,
              12.99864639687965
            ],
            [
              80.24352378105122,
              12.999488231750801
            ],
            [
              80.24354185944193,
              13.000434026880976
            ],
            [
              80.24355860397148,
              13.001537428093267
            ],
            [
              80.24382304777491,
              13.004192208821019
            ],
            [
              80.24283150396894,
              13.004238715957364
            ],
            [
              80.24351680965563,
              13.00647575199929
            ],
            [
              80.24129876571611,
              13.006593606214853
            ],
            [
              80.24042803249186,
              13.006844039216102
            ],
            [
              80.24045327803458,
              13.008164793467518
            ],
            [
              80.24057764307932,
              13.014988653512468
            ],
            [
              80.2408353481957,
              13.016537465300821
            ],
            [
              80.24118170859397,
              13.017835188351826
            ],
            [
              80.2412028906394,
              13.018147224831246
            ],
            [
              80.2408915846165,
              13.018337274519826
            ],
            [
              80.24010283006056,
              13.018644384671282
            ],
            [
              80.23941139263978,
              13.018712157785199
            ],
            [
              80.23895878100966,
              13.018709404837223
            ],
            [
              80.23879202935639,
              13.018708390593233
            ],
            [
              80.23881442968762,
              13.018876477109147
            ],
            [
              80.23900419081498,
              13.018973602887398
            ],
            [
              80.23905020976345,
              13.019165825955968
            ],
            [
              80.23888163068123,
              13.019380736657126
            ],
            [
              80.23840154252878,
              13.019809688707475
            ],
            [
              80.23825719120669,
              13.019976760979631
            ],
            [
              80.2385137472326,
              13.0206261296271
            ],
            [
              80.23841703924018,
              13.020793491683087
            ],
            [
              80.23796300627632,
              13.020958680359026
            ],
            [
              80.2377946302418,
              13.021149599399774
            ],
            [
              80.23772032258059,
              13.021485047971668
            ],
            [
              80.23794615332177,
              13.022949988186602
            ],
            [
              80.23833853266845,
              13.02443993430612
            ],
            [
              80.2393151809825,
              13.02679977701061
            ],
            [
              80.24223582392443,
              13.025860301417037
            ],
            [
              80.24358871055621,
              13.02540534951762
            ],
            [
              80.2445152550058,
              13.024608138643028
            ],
            [
              80.24643096718388,
              13.022859704242748
            ],
            [
              80.24776931798856,
              13.021586378122551
            ],
            [
              80.25006547361876,
              13.0183580796489
            ],
            [
              80.24831509201341,
              13.015740390201191
            ],
            [
              80.24819071702564,
              13.015452267282676
            ],
            [
              80.24800108596023,
              13.014937362896843
            ],
            [
              80.24769379784463,
              13.008824743965754
            ],
            [
              80.24771123991177,
              13.00676382790142
            ],
            [
              80.24749828653245,
              13.006473266374593
            ],
            [
              80.24742985208238,
              13.006075109014123
            ],
            [
              80.24743995012123,
              13.004881947082081
            ],
            [
              80.24815571464855,
              13.000908889448155
            ],
            [
              80.24915531501445,
              12.997335299324018
            ],
            [
              80.24970295445685,
              12.995096667428317
            ],
            [
              80.24943768331227,
              12.994893381270652
            ],
            [
              80.24892196538963,
              12.994890244487332
            ],
            [
              80.24617928371028,
              12.994873562503303
            ],
            [
              80.24470105644946,
              12.995029842954219
            ],
            [
              80.2431503061168,
              12.995445394752785
            ],
            [
              80.24314784544157,
              12.99544584373754
            ]
          ]
        ]
      },
      "properties": {
        "ZONE_NO": "XIII",
        "WARD_NO": 172,
        "ZONE_NAME": "ADYAR",
        "POLITICAL_": 327
      }
    },
    {
      "type": "Feature",
      "geometry": {
        "type": "Polygon",
        "coordinates": [
          [
            [
              80.2184335355386,
              12.9874702861271
            ],
            [
              80.21835763332372,
              12.986856083114873
            ],
            [
              80.21805139771246,
              12.985678370454762
            ],
            [
              80.21798147480222,
              12.98244435759167
            ],
            [
              80.21816043627256,
              12.981416577329123
            ],
            [
              80.21883185077036,
              12.979681382954642
            ],
            [
              80.21883433852321,
              12.97938743558001
            ],
            [
              80.2186160620303,
              12.979312617316744
            ],
            [
              80.21803233288068,
              12.979309066864486
            ],
            [
              80.21698710675922,
              12.979229218793858
            ],
            [
              80.21613770089748,
              12.979003580519972
            ],
            [
              80.21091696042106,
              12.977967454188478
            ],
            [
              80.20925005593222,
              12.977719879824065
            ],
            [
              80.20896218457592,
              12.977841936866628
            ],
            [
              80.2082645652325,
              12.977961501673487
            ],
            [
              80.2076079206879,
              12.978081315703749
            ],
            [
              80.20732004933163,
              12.978203372746028
            ],
            [
              80.20719363238508,
              12.978615297100358
            ],
            [
              80.20740462127456,
              12.97962742176693
            ],
            [
              80.20746927981493,
              12.979937592145307
            ],
            [
              80.20746648577465,
              12.980267729765465
            ],
            [
              80.2070973633312,
              12.980306753955585
            ],
            [
              80.2068098412301,
              12.980387543795675
            ],
            [
              80.20680355463944,
              12.981130353440552
            ],
            [
              80.2066788839681,
              12.981335941782612
            ],
            [
              80.20639136186684,
              12.981416731622415
            ],
            [
              80.20520169568377,
              12.981574572948654
            ],
            [
              80.20487145250863,
              12.981861449577442
            ],
            [
              80.20470371150836,
              12.982314391910728
            ],
            [
              80.20477832675,
              12.983181501610424
            ],
            [
              80.20452933466238,
              12.983551411091547
            ],
            [
              80.20399526525895,
              12.983713239995016
            ],
            [
              80.20354384396285,
              12.983793032940685
            ],
            [
              80.2034195225465,
              12.983957354079921
            ],
            [
              80.2033747059424,
              12.984411044083712
            ],
            [
              80.20353249317415,
              12.985134217021832
            ],
            [
              80.20377450016099,
              12.985589651590713
            ],
            [
              80.20372409547632,
              12.986703616834772
            ],
            [
              80.20363376375798,
              12.987693531247595
            ],
            [
              80.2036302712076,
              12.988106203272656
            ],
            [
              80.20379242412729,
              12.988313536179463
            ],
            [
              80.20432579502088,
              12.988234241681118
            ],
            [
              80.20465324415558,
              12.988277502672036
            ],
            [
              80.20489769592788,
              12.988444066823467
            ],
            [
              80.20505600704212,
              12.989105338957815
            ],
            [
              80.20652841771528,
              12.994272960542688
            ],
            [
              80.20708004250041,
              12.996764799418562
            ],
            [
              80.20839947229497,
              12.996704026266004
            ],
            [
              80.2100372125366,
              12.996469923588268
            ],
            [
              80.2103204381241,
              12.996410630267038
            ],
            [
              80.21040190067706,
              12.996329771082708
            ],
            [
              80.21032233147216,
              12.996186916443076
            ],
            [
              80.21030420342714,
              12.995942742174266
            ],
            [
              80.21050682707427,
              12.995862619935687
            ],
            [
              80.21218684769542,
              12.995405049082388
            ],
            [
              80.21242916988359,
              12.995406522973761
            ],
            [
              80.21252944897181,
              12.995488487576793
            ],
            [
              80.21272931865826,
              12.995733767263959
            ],
            [
              80.2131129954563,
              12.995736100925305
            ],
            [
              80.21388207027807,
              12.995537392044307
            ],
            [
              80.21448890848404,
              12.995419051050458
            ],
            [
              80.21465252208034,
              12.995175982200243
            ],
            [
              80.21459349063616,
              12.994992575144103
            ],
            [
              80.21449321154793,
              12.99491061054125
            ],
            [
              80.21445437361967,
              12.994727326309397
            ],
            [
              80.21479904036696,
              12.994566713359108
            ],
            [
              80.21567218097306,
              12.99400254143293
            ],
            [
              80.21517663769885,
              12.992901239325741
            ],
            [
              80.21519872456265,
              12.99267764832595
            ],
            [
              80.21554356343248,
              12.992496697755437
            ],
            [
              80.21619319838571,
              12.99209387572502
            ],
            [
              80.21621528524935,
              12.991870284725222
            ],
            [
              80.21559875300353,
              12.990747908052121
            ],
            [
              80.21530910370491,
              12.989180068919374
            ],
            [
              80.2154739221591,
              12.98879463672665
            ],
            [
              80.21606314868772,
              12.988371108602989
            ],
            [
              80.21746200919229,
              12.987728779626513
            ],
            [
              80.2184335355386,
              12.9874702861271
            ]
          ]
        ]
      },
      "properties": {
        "ZONE_NO": "XIII",
        "WARD_NO": 177,
        "ZONE_NAME": "ADYAR",
        "POLITICAL_": 332
      }
    },
    {
      "type": "Feature",
      "geometry": {
        "type": "Polygon",
        "coordinates": [
          [
            [
              80.22298890567376,
              12.98719715475215
            ],
            [
              80.22303430784099,
              12.986076131452574
            ],
            [
              80.22320850111834,
              12.985611750324594
            ],
            [
              80.22326025490521,
              12.985244611977485
            ],
            [
              80.22323800598468,
              12.98499950789644
            ],
            [
              80.2229731585234,
              12.984679437616615
            ],
            [
              80.22275861365975,
              12.984163698291372
            ],
            [
              80.22201375193526,
              12.98308130525027
            ],
            [
              80.22184888773128,
              12.982443383723279
            ],
            [
              80.22115329204084,
              12.98128779970958
            ],
            [
              80.22112185490231,
              12.979254367830663
            ],
            [
              80.22124636752015,
              12.978912168904431
            ],
            [
              80.22127103773605,
              12.975997190772755
            ],
            [
              80.22071619151457,
              12.975454884735788
            ],
            [
              80.22004927143946,
              12.973785040751954
            ],
            [
              80.21919254317437,
              12.971550614149237
            ],
            [
              80.21762851364103,
              12.967738154324746
            ],
            [
              80.21613115341376,
              12.968393595970388
            ],
            [
              80.2149758261835,
              12.969335763367676
            ],
            [
              80.21208803199085,
              12.971629281057247
            ],
            [
              80.21125805836522,
              12.972862312660778
            ],
            [
              80.21120800293559,
              12.97393501070236
            ],
            [
              80.21107983971385,
              12.97455327106919
            ],
            [
              80.21095447053253,
              12.974841393815746
            ],
            [
              80.21070792322995,
              12.97492243287941
            ],
            [
              80.21009330124919,
              12.974918694525758
            ],
            [
              80.20968180698667,
              12.975122538302495
            ],
            [
              80.20939323712052,
              12.975327129749902
            ],
            [
              80.20930849348277,
              12.975656768922686
            ],
            [
              80.20959287228852,
              12.975947383905176
            ],
            [
              80.20995954994672,
              12.976197230132632
            ],
            [
              80.20999807996022,
              12.976486349773666
            ],
            [
              80.20958623644287,
              12.97673146075265
            ],
            [
              80.20937926691909,
              12.976977817850086
            ],
            [
              80.20925284997253,
              12.977389742204132
            ],
            [
              80.20925005593222,
              12.977719879824065
            ],
            [
              80.21091696042106,
              12.977967454188478
            ],
            [
              80.21613770089748,
              12.979003580519972
            ],
            [
              80.21698710675922,
              12.979229218793858
            ],
            [
              80.21803233288068,
              12.979309066864486
            ],
            [
              80.2186160620303,
              12.979312617316744
            ],
            [
              80.21883433852321,
              12.97938743558001
            ],
            [
              80.21883185077036,
              12.979681382954642
            ],
            [
              80.21816043627256,
              12.981416577329123
            ],
            [
              80.21798147480222,
              12.98244435759167
            ],
            [
              80.21805139771246,
              12.985678370454762
            ],
            [
              80.21835763332372,
              12.986856083114873
            ],
            [
              80.2184335355386,
              12.9874702861271
            ],
            [
              80.21858905937474,
              12.98818308543448
            ],
            [
              80.21866725159911,
              12.988488641037128
            ],
            [
              80.21884847687262,
              12.988550759316722
            ],
            [
              80.21927340131495,
              12.988451650524787
            ],
            [
              80.21992114292009,
              12.988272542318501
            ],
            [
              80.22014413220552,
              12.988172205283751
            ],
            [
              80.22032535747901,
              12.988234323563285
            ],
            [
              80.22042305472891,
              12.988621352471672
            ],
            [
              80.22054301096524,
              12.98876445276004
            ],
            [
              80.22074477399957,
              12.988786018623243
            ],
            [
              80.22109081772706,
              12.98846270471011
            ],
            [
              80.22151660278236,
              12.988261907816279
            ],
            [
              80.22210496869822,
              12.98794006779452
            ],
            [
              80.2222078296248,
              12.987716968091796
            ],
            [
              80.22220937872774,
              12.9875339295085
            ],
            [
              80.22239284159448,
              12.987331658723347
            ],
            [
              80.22281828240452,
              12.987171537070353
            ],
            [
              80.22298890567376,
              12.98719715475215
            ]
          ]
        ]
      },
      "properties": {
        "ZONE_NO": "XIII",
        "WARD_NO": 178,
        "ZONE_NAME": "ADYAR",
        "POLITICAL_": 333
      }
    },
    {
      "type": "Feature",
      "geometry": {
        "type": "Polygon",
        "coordinates": [
          [
            [
              80.20757600152683,
              12.999005180953823
            ],
            [
              80.20698629181717,
              12.999246230981091
            ],
            [
              80.20655566421519,
              12.999476087897122
            ],
            [
              80.2063382424806,
              12.99984008512209
            ],
            [
              80.20631950708733,
              13.000105658194085
            ],
            [
              80.20696605565492,
              13.001637291144732
            ],
            [
              80.20716038560049,
              13.002053609110364
            ],
            [
              80.20712586592111,
              13.00223605898063
            ],
            [
              80.2068920977847,
              13.002583351341697
            ],
            [
              80.20664395065127,
              13.002681474656093
            ],
            [
              80.20644652907,
              13.002630457548944
            ],
            [
              80.20541572205646,
              13.001694283210815
            ],
            [
              80.2044143756817,
              13.001173424043557
            ],
            [
              80.2033173398876,
              13.000270057756369
            ],
            [
              80.20297462756616,
              12.999852837275341
            ],
            [
              80.20222283361385,
              12.999067808948976
            ],
            [
              80.20166635330938,
              12.998582866496664
            ],
            [
              80.2012719317334,
              12.998431018528658
            ],
            [
              80.20105760163473,
              12.998429714895318
            ],
            [
              80.20097319957672,
              12.998661677680587
            ],
            [
              80.20099774170379,
              12.999658153307728
            ],
            [
              80.20116964141457,
              13.000330272100708
            ],
            [
              80.20165522930273,
              13.000412645393167
            ],
            [
              80.20170660911005,
              13.000937694727671
            ],
            [
              80.2020784289978,
              13.000977437472537
            ],
            [
              80.2020620933625,
              13.002907620000778
            ],
            [
              80.20278712628392,
              13.002986992317231
            ],
            [
              80.20297192603898,
              13.003138041143078
            ],
            [
              80.20302552622408,
              13.003400735570807
            ],
            [
              80.20287571979975,
              13.003512267998822
            ],
            [
              80.20252218956944,
              13.003510117699832
            ],
            [
              80.20243808765004,
              13.004652782813277
            ],
            [
              80.20221464680083,
              13.004670164365903
            ],
            [
              80.20211542719218,
              13.00540044430941
            ],
            [
              80.20230006834883,
              13.005570232771463
            ],
            [
              80.20378306574304,
              13.006235173928905
            ],
            [
              80.20404197571823,
              13.006424154721694
            ],
            [
              80.20404343570054,
              13.007071971951465
            ],
            [
              80.20449415848641,
              13.00707471341081
            ],
            [
              80.20809435269366,
              13.007756920325772
            ],
            [
              80.21022015265676,
              13.008347620786678
            ],
            [
              80.21520475864466,
              13.010069981365694
            ],
            [
              80.21353492029296,
              13.00886301432629
            ],
            [
              80.21174530084055,
              13.007283894794195
            ],
            [
              80.20980278372672,
              13.004403861488615
            ],
            [
              80.20831221179168,
              13.001382134433657
            ],
            [
              80.20790979816013,
              13.000513030945573
            ],
            [
              80.20757600152683,
              12.999005180953823
            ]
          ]
        ]
      },
      "properties": {
        "ZONE_NO": "XII",
        "WARD_NO": 160,
        "ZONE_NAME": "ALANDUR",
        "POLITICAL_": 315
      }
    },
    {
      "type": "Feature",
      "geometry": {
        "type": "Polygon",
        "coordinates": [
          [
            [
              80.20585566797769,
              12.991911855635838
            ],
            [
              80.20509792958933,
              12.992026622431554
            ],
            [
              80.20480875589834,
              12.992097521813898
            ],
            [
              80.20426740070693,
              12.992130558216184
            ],
            [
              80.20383563857558,
              12.992000780159666
            ],
            [
              80.20345690515441,
              12.991998476565731
            ],
            [
              80.20341545498327,
              12.99263398406451
            ],
            [
              80.20278392516771,
              12.992666471992047
            ],
            [
              80.20277521220846,
              12.995827052505097
            ],
            [
              80.20254121935632,
              12.9957711355945
            ],
            [
              80.20209249836437,
              12.995514102465297
            ],
            [
              80.20177048301674,
              12.995203346324534
            ],
            [
              80.20076144956795,
              12.995088221655074
            ],
            [
              80.2005089606205,
              12.99508668592579
            ],
            [
              80.20040182713579,
              12.994958882378358
            ],
            [
              80.20026338922926,
              12.994267787053998
            ],
            [
              80.19983669997251,
              12.993538609359511
            ],
            [
              80.19878539845652,
              12.992024556450067
            ],
            [
              80.19845364925152,
              12.990732854843298
            ],
            [
              80.19796563021723,
              12.990857038457458
            ],
            [
              80.19706311535909,
              12.990942371836967
            ],
            [
              80.19677363422096,
              12.991049598470013
            ],
            [
              80.19673648830704,
              12.991176524457906
            ],
            [
              80.19678844095299,
              12.991431144298224
            ],
            [
              80.19685550777764,
              12.992030982715756
            ],
            [
              80.19690361733673,
              12.99273969319104
            ],
            [
              80.19696315171126,
              12.994229549252779
            ],
            [
              80.19708785895024,
              12.994411953371424
            ],
            [
              80.1983111593684,
              12.994782685135739
            ],
            [
              80.19848966393484,
              12.995001745589933
            ],
            [
              80.19846855454061,
              12.99536490840275
            ],
            [
              80.19835757796909,
              12.995691195490055
            ],
            [
              80.19840937689159,
              12.995963978955865
            ],
            [
              80.19869787008973,
              12.997118413600107
            ],
            [
              80.19871421172174,
              12.998503433213466
            ],
            [
              80.19943699784835,
              12.99867501802733
            ],
            [
              80.1999578311682,
              12.998696926525266
            ],
            [
              80.20053559523977,
              12.998587997090711
            ],
            [
              80.20070289832934,
              12.998607755289594
            ],
            [
              80.20077542256531,
              12.998833083618319
            ],
            [
              80.20068111950711,
              12.998982434839863
            ],
            [
              80.2005598038793,
              13.000124873606055
            ],
            [
              80.20063296250893,
              13.000275243390115
            ],
            [
              80.2009677272866,
              13.000296020151682
            ],
            [
              80.20116964141457,
              13.000330272100708
            ],
            [
              80.20099774170379,
              12.999658153307728
            ],
            [
              80.20097319957672,
              12.998661677680587
            ],
            [
              80.20105760163473,
              12.998429714895318
            ],
            [
              80.2012719317334,
              12.998431018528658
            ],
            [
              80.20166635330938,
              12.998582866496664
            ],
            [
              80.20222283361385,
              12.999067808948976
            ],
            [
              80.20297462756616,
              12.999852837275341
            ],
            [
              80.2033173398876,
              13.000270057756369
            ],
            [
              80.2044143756817,
              13.001173424043557
            ],
            [
              80.20541572205646,
              13.001694283210815
            ],
            [
              80.20644652907,
              13.002630457548944
            ],
            [
              80.20664395065127,
              13.002681474656093
            ],
            [
              80.2068920977847,
              13.002583351341697
            ],
            [
              80.20712586592111,
              13.00223605898063
            ],
            [
              80.20716038560049,
              13.002053609110364
            ],
            [
              80.20696605565492,
              13.001637291144732
            ],
            [
              80.20631950708733,
              13.000105658194085
            ],
            [
              80.2063382424806,
              12.99984008512209
            ],
            [
              80.20655566421519,
              12.999476087897122
            ],
            [
              80.20698629181717,
              12.999246230981091
            ],
            [
              80.20757600152683,
              12.999005180953823
            ],
            [
              80.20652841771528,
              12.994272960542688
            ],
            [
              80.20585566797769,
              12.991911855635838
            ]
          ]
        ]
      },
      "properties": {
        "ZONE_NO": "XII",
        "WARD_NO": 161,
        "ZONE_NAME": "ALANDUR",
        "POLITICAL_": 316
      }
    },
    {
      "type": "Feature",
      "geometry": {
        "type": "Polygon",
        "coordinates": [
          [
            [
              80.20496916271065,
              12.988742586558743
            ],
            [
              80.20489769592788,
              12.988444066823467
            ],
            [
              80.20465324415558,
              12.988277502672036
            ],
            [
              80.20432579502088,
              12.988234241681118
            ],
            [
              80.20379242412729,
              12.988313536179463
            ],
            [
              80.2036302712076,
              12.988106203272656
            ],
            [
              80.20363376375798,
              12.987693531247595
            ],
            [
              80.20372409547632,
              12.986703616834772
            ],
            [
              80.20377450016099,
              12.985589651590713
            ],
            [
              80.20353249317415,
              12.985134217021832
            ],
            [
              80.2033747059424,
              12.984411044083712
            ],
            [
              80.2034195225465,
              12.983957354079921
            ],
            [
              80.20354384396285,
              12.983793032940685
            ],
            [
              80.20399526525895,
              12.983713239995016
            ],
            [
              80.20452933466238,
              12.983551411091547
            ],
            [
              80.20477832675,
              12.983181501610424
            ],
            [
              80.20470371150836,
              12.982314391910728
            ],
            [
              80.20487145250863,
              12.981861449577442
            ],
            [
              80.20520169568377,
              12.981574572948654
            ],
            [
              80.20639136186684,
              12.981416731622415
            ],
            [
              80.2066788839681,
              12.981335941782612
            ],
            [
              80.20680355463944,
              12.981130353440552
            ],
            [
              80.2068098412301,
              12.980387543795675
            ],
            [
              80.2070973633312,
              12.980306753955585
            ],
            [
              80.20746648577465,
              12.980267729765465
            ],
            [
              80.20746927981493,
              12.979937592145307
            ],
            [
              80.20740462127456,
              12.97962742176693
            ],
            [
              80.2066278107009,
              12.978537034781093
            ],
            [
              80.20647112908982,
              12.978466782431163
            ],
            [
              80.20631335832353,
              12.978525222259945
            ],
            [
              80.20601697261357,
              12.978701617877418
            ],
            [
              80.20591876384495,
              12.978691120628103
            ],
            [
              80.20580248840905,
              12.97849241524
            ],
            [
              80.20508188295973,
              12.97652785048494
            ],
            [
              80.20482841686021,
              12.976278811113941
            ],
            [
              80.20472029505567,
              12.976278153477939
            ],
            [
              80.20467930241225,
              12.97647590230453
            ],
            [
              80.20464755255566,
              12.976743006704687
            ],
            [
              80.2045385091581,
              12.976851242450364
            ],
            [
              80.20432184664321,
              12.976899424170197
            ],
            [
              80.20352408514896,
              12.977082670146366
            ],
            [
              80.20237205157034,
              12.977313260851147
            ],
            [
              80.20221352677342,
              12.977460795264982
            ],
            [
              80.20222226687316,
              12.977589547228614
            ],
            [
              80.20227225188485,
              12.97790322497697
            ],
            [
              80.20211712849911,
              12.978159031409056
            ],
            [
              80.20182836674832,
              12.978140158392264
            ],
            [
              80.20150402257686,
              12.97830935224594
            ],
            [
              80.20140046213093,
              12.978497005649695
            ],
            [
              80.20144956253081,
              12.978719820918366
            ],
            [
              80.20137897711022,
              12.979027491530822
            ],
            [
              80.2010714825896,
              12.979213904533676
            ],
            [
              80.2004926553904,
              12.97933020053945
            ],
            [
              80.2001855954357,
              12.97946526619567
            ],
            [
              80.19979196954147,
              12.979788088622216
            ],
            [
              80.19941794554879,
              12.979802930335893
            ],
            [
              80.19904493554341,
              12.979697961574363
            ],
            [
              80.19880672274549,
              12.97973074600428
            ],
            [
              80.19822847496728,
              12.979778578881543
            ],
            [
              80.19778618323927,
              12.979827238692776
            ],
            [
              80.19746169421235,
              12.980013548328657
            ],
            [
              80.19710394044945,
              12.980114072320095
            ],
            [
              80.19661037549209,
              12.980196653595456
            ],
            [
              80.19628574160987,
              12.980400079013608
            ],
            [
              80.19580497035477,
              12.980979121339224
            ],
            [
              80.19411425748483,
              12.981944487616472
            ],
            [
              80.19344944376708,
              12.982180077263898
            ],
            [
              80.19261584382964,
              12.982277706986604
            ],
            [
              80.19210824032147,
              12.982323738164718
            ],
            [
              80.19267621230189,
              12.98512805514573
            ],
            [
              80.19319724746445,
              12.987304440774501
            ],
            [
              80.1955013057027,
              12.985960194576732
            ],
            [
              80.19660896961456,
              12.985749610139697
            ],
            [
              80.19709537323168,
              12.985643907797638
            ],
            [
              80.19735644475398,
              12.985633014418152
            ],
            [
              80.19747819102304,
              12.985919601418196
            ],
            [
              80.19768318391466,
              12.986849849368392
            ],
            [
              80.19773382737058,
              12.98715386930138
            ],
            [
              80.1979991399919,
              12.987244810058542
            ],
            [
              80.19831978301427,
              12.987085971672245
            ],
            [
              80.19846334936666,
              12.986890325429298
            ],
            [
              80.19843104858334,
              12.98651495543953
            ],
            [
              80.19831036065692,
              12.986103317034969
            ],
            [
              80.19840010852609,
              12.98597880507253
            ],
            [
              80.19864843920101,
              12.985980315509698
            ],
            [
              80.19889510676637,
              12.986178335296534
            ],
            [
              80.19905338718866,
              12.98634008666904
            ],
            [
              80.1994075405284,
              12.986413702381745
            ],
            [
              80.20102410898411,
              12.986137688441886
            ],
            [
              80.20162916325933,
              12.985909118323946
            ],
            [
              80.20187809870137,
              12.985839170815732
            ],
            [
              80.20198346779104,
              12.985964869550465
            ],
            [
              80.20226233341502,
              12.988646376603945
            ],
            [
              80.20224005975615,
              12.989182203305779
            ],
            [
              80.20223824545481,
              12.989396577141921
            ],
            [
              80.20241517093297,
              12.989451249484688
            ],
            [
              80.20496916271065,
              12.988742586558743
            ]
          ]
        ]
      },
      "properties": {
        "ZONE_NO": "XII",
        "WARD_NO": 165,
        "ZONE_NAME": "ALANDUR",
        "POLITICAL_": 320
      }
    },
    {
      "type": "Feature",
      "geometry": {
        "type": "Polygon",
        "coordinates": [
          [
            [
              80.18193204365399,
              12.968078718610625
            ],
            [
              80.18197647535655,
              12.968848661389227
            ],
            [
              80.1821181553396,
              12.969281554988257
            ],
            [
              80.18209769246567,
              12.969399073791376
            ],
            [
              80.18194112456739,
              12.969496157543485
            ],
            [
              80.18197856573505,
              12.969672850172836
            ],
            [
              80.18209520348013,
              12.969693166816791
            ],
            [
              80.18233030422631,
              12.969518131886145
            ],
            [
              80.182564741243,
              12.969421521762175
            ],
            [
              80.18270051440287,
              12.969481169216607
            ],
            [
              80.18281333570341,
              12.969952428499578
            ],
            [
              80.18333502306729,
              12.972720218335766
            ],
            [
              80.18331505799065,
              12.972778918533798
            ],
            [
              80.1835621590597,
              12.973486281086286
            ],
            [
              80.18355967007417,
              12.973780374111708
            ],
            [
              80.1833032767924,
              12.974170958853817
            ],
            [
              80.18304605384883,
              12.974659574604669
            ],
            [
              80.18296635947436,
              12.974874769194976
            ],
            [
              80.18294523287113,
              12.975070712805003
            ],
            [
              80.1818256419936,
              12.976240335704663
            ],
            [
              80.18160519648825,
              12.976984068891376
            ],
            [
              80.1813644540415,
              12.977825714679609
            ],
            [
              80.18100441893179,
              12.978960743050964
            ],
            [
              80.18074470700263,
              12.979743451827007
            ],
            [
              80.18032925683688,
              12.9805252133467
            ],
            [
              80.17936739538426,
              12.981460509082426
            ],
            [
              80.17870086177274,
              12.982005456890084
            ],
            [
              80.17867956923693,
              12.982221006701767
            ],
            [
              80.17914031258424,
              12.982988490337064
            ],
            [
              80.17929588488836,
              12.983009043795061
            ],
            [
              80.17986226125205,
              12.982796809380831
            ],
            [
              80.18089419300154,
              12.982783478752829
            ],
            [
              80.18136240330546,
              12.982668683311863
            ],
            [
              80.18173443873808,
              12.982416052423881
            ],
            [
              80.18304060728877,
              12.982336343001284
            ],
            [
              80.18321454173218,
              12.981687107324102
            ],
            [
              80.18347054446822,
              12.981464722101775
            ],
            [
              80.18388455220233,
              12.981339273204517
            ],
            [
              80.18504459475851,
              12.981266349602587
            ],
            [
              80.18542548534529,
              12.981300658077688
            ],
            [
              80.18564606963898,
              12.981509946194807
            ],
            [
              80.18575304521322,
              12.982006469147334
            ],
            [
              80.18570147430805,
              12.982470036002377
            ],
            [
              80.18582446697447,
              12.98295066049641
            ],
            [
              80.18595142877514,
              12.984838946595941
            ],
            [
              80.18586362720582,
              12.985830157131762
            ],
            [
              80.18586091979952,
              12.986150058269713
            ],
            [
              80.18598702598314,
              12.986262796455158
            ],
            [
              80.18633561164476,
              12.986360891961118
            ],
            [
              80.18657383747444,
              12.986362340936953
            ],
            [
              80.1866710229908,
              12.986138989730739
            ],
            [
              80.18664413287821,
              12.98556297448559
            ],
            [
              80.18675638789458,
              12.985435690219159
            ],
            [
              80.187041717409,
              12.985501409217685
            ],
            [
              80.18753364467939,
              12.985552388938334
            ],
            [
              80.18855007488608,
              12.985558571235247
            ],
            [
              80.18854051217372,
              12.982935188707208
            ],
            [
              80.1883728524882,
              12.982102383166131
            ],
            [
              80.18837975637425,
              12.981286635264329
            ],
            [
              80.18830170146767,
              12.981126201703294
            ],
            [
              80.18827142709719,
              12.980950062880725
            ],
            [
              80.1884470736311,
              12.980839160064727
            ],
            [
              80.18976664075441,
              12.980632302811845
            ],
            [
              80.18979224681789,
              12.980548866520543
            ],
            [
              80.18984598258746,
              12.980223976759062
            ],
            [
              80.18989894764462,
              12.977982016025322
            ],
            [
              80.18996967792033,
              12.977657229630596
            ],
            [
              80.19022633377764,
              12.977453390745401
            ],
            [
              80.19058466696157,
              12.977284403625282
            ],
            [
              80.19068822740745,
              12.97709675022147
            ],
            [
              80.19058872291002,
              12.976805161723814
            ],
            [
              80.19051055857824,
              12.976000203126965
            ],
            [
              80.19046319644204,
              12.9755719984719
            ],
            [
              80.19053450613895,
              12.97517874894843
            ],
            [
              80.19057052312561,
              12.974939334731223
            ],
            [
              80.19076093922152,
              12.9745296929927
            ],
            [
              80.19064342623105,
              12.974357811603689
            ],
            [
              80.19005195018462,
              12.973960530777108
            ],
            [
              80.18964567544313,
              12.973769776370961
            ],
            [
              80.18956128233312,
              12.973700796408485
            ],
            [
              80.18944594217203,
              12.973272178286434
            ],
            [
              80.18914260201957,
              12.970959583722108
            ],
            [
              80.1892640261034,
              12.97066933899199
            ],
            [
              80.19049255563277,
              12.970094844803153
            ],
            [
              80.19197368507125,
              12.969795753630654
            ],
            [
              80.19228175901306,
              12.969540877499288
            ],
            [
              80.19355750582339,
              12.969411703747674
            ],
            [
              80.19386471063355,
              12.969259522309358
            ],
            [
              80.19395011773048,
              12.969208691796451
            ],
            [
              80.19390521813466,
              12.968489518844102
            ],
            [
              80.19382314270949,
              12.968146686366557
            ],
            [
              80.19368805579145,
              12.968043164739473
            ],
            [
              80.19115109413666,
              12.9685925839065
            ],
            [
              80.18942870993911,
              12.969283890935182
            ],
            [
              80.18803226332128,
              12.96961773050579
            ],
            [
              80.18614471428623,
              12.969743183054359
            ],
            [
              80.18544750496457,
              12.969790292364399
            ],
            [
              80.18487287856914,
              12.969410230686895
            ],
            [
              80.18468811182996,
              12.96915235691965
            ],
            [
              80.18462201692394,
              12.96892943828423
            ],
            [
              80.1844346427895,
              12.968979648596497
            ],
            [
              80.18426426316107,
              12.96902996227566
            ],
            [
              80.18421646645898,
              12.968653104967238
            ],
            [
              80.18416765576997,
              12.968396058134026
            ],
            [
              80.18389675765704,
              12.968274593790701
            ],
            [
              80.1834904829158,
              12.968083839384727
            ],
            [
              80.18193204365399,
              12.968078718610625
            ]
          ]
        ]
      },
      "properties": {
        "ZONE_NO": "XII",
        "WARD_NO": 167,
        "ZONE_NAME": "ALANDUR",
        "POLITICAL_": 322
      }
    },
    {
      "type": "Feature",
      "geometry": {
        "type": "Polygon",
        "coordinates": [
          [
            [
              80.18304060728877,
              12.982336343001284
            ],
            [
              80.18173443873808,
              12.982416052423881
            ],
            [
              80.18136240330546,
              12.982668683311863
            ],
            [
              80.18089419300154,
              12.982783478752829
            ],
            [
              80.17986226125205,
              12.982796809380831
            ],
            [
              80.17929588488836,
              12.983009043795061
            ],
            [
              80.17914031258424,
              12.982988490337064
            ],
            [
              80.17867956923693,
              12.982221006701767
            ],
            [
              80.17870086177274,
              12.982005456890084
            ],
            [
              80.17936739538426,
              12.981460509082426
            ],
            [
              80.18032925683688,
              12.9805252133467
            ],
            [
              80.18074470700263,
              12.979743451827007
            ],
            [
              80.18100441893179,
              12.978960743050964
            ],
            [
              80.1813644540415,
              12.977825714679609
            ],
            [
              80.18160519648825,
              12.976984068891376
            ],
            [
              80.1818256419936,
              12.976240335704663
            ],
            [
              80.18294523287113,
              12.975070712805003
            ],
            [
              80.18296635947436,
              12.974874769194976
            ],
            [
              80.18304605384883,
              12.974659574604669
            ],
            [
              80.1833032767924,
              12.974170958853817
            ],
            [
              80.18355967007417,
              12.973780374111708
            ],
            [
              80.1835621590597,
              12.973486281086286
            ],
            [
              80.18331505799065,
              12.972778918533798
            ],
            [
              80.18333502306729,
              12.972720218335766
            ],
            [
              80.18281333570341,
              12.969952428499578
            ],
            [
              80.18270051440287,
              12.969481169216607
            ],
            [
              80.182564741243,
              12.969421521762175
            ],
            [
              80.18233030422631,
              12.969518131886145
            ],
            [
              80.18209520348013,
              12.969693166816791
            ],
            [
              80.18197856573505,
              12.969672850172836
            ],
            [
              80.18194112456739,
              12.969496157543485
            ],
            [
              80.18209769246567,
              12.969399073791376
            ],
            [
              80.1821181553396,
              12.969281554988257
            ],
            [
              80.18197647535655,
              12.968848661389227
            ],
            [
              80.18193204365399,
              12.968078718610625
            ],
            [
              80.18187030164357,
              12.968078515736451
            ],
            [
              80.18038368627438,
              12.968907686671281
            ],
            [
              80.17694626590453,
              12.97078051967033
            ],
            [
              80.176573758197,
              12.971088703228057
            ],
            [
              80.17663067583571,
              12.971647858134029
            ],
            [
              80.17704591388315,
              12.973575169326498
            ],
            [
              80.17740003064777,
              12.975440018900196
            ],
            [
              80.17735896089607,
              12.976650521308752
            ],
            [
              80.17716718975939,
              12.977456523026937
            ],
            [
              80.17685554060711,
              12.97785821153394
            ],
            [
              80.17672672984753,
              12.97850937155756
            ],
            [
              80.17650571170822,
              12.979128925814367
            ],
            [
              80.17529808302812,
              12.979773524076561
            ],
            [
              80.17390892959389,
              12.980013434169601
            ],
            [
              80.17365160242872,
              12.979997463477654
            ],
            [
              80.17424859824679,
              12.982218656960375
            ],
            [
              80.17451389048145,
              12.982339477337378
            ],
            [
              80.17510667944194,
              12.982223876121203
            ],
            [
              80.17623106169788,
              12.982230715021608
            ],
            [
              80.17652518631967,
              12.982441115847836
            ],
            [
              80.17687167938026,
              12.983456480919557
            ],
            [
              80.17726801881473,
              12.985574811830364
            ],
            [
              80.17749842570659,
              12.986321255583398
            ],
            [
              80.17799412483329,
              12.987188519713438
            ],
            [
              80.17863122628621,
              12.988664407537772
            ],
            [
              80.17887775841933,
              12.988038274599484
            ],
            [
              80.17921904665123,
              12.987503340557792
            ],
            [
              80.17961263176994,
              12.9874209434513
            ],
            [
              80.18121312068821,
              12.98731762349341
            ],
            [
              80.18129487874259,
              12.987066042889127
            ],
            [
              80.1813915227776,
              12.986906671910376
            ],
            [
              80.18144065701695,
              12.986731016079577
            ],
            [
              80.18122074957485,
              12.986441752678052
            ],
            [
              80.18074971272816,
              12.985799052450426
            ],
            [
              80.18081418720833,
              12.985687473445651
            ],
            [
              80.18102146181577,
              12.985592758883318
            ],
            [
              80.18113100942588,
              12.985785375754888
            ],
            [
              80.18149195718149,
              12.986299439338637
            ],
            [
              80.18168240247496,
              12.98631659357619
            ],
            [
              80.18220717615178,
              12.98623980603852
            ],
            [
              80.18463707961469,
              12.98625458559207
            ],
            [
              80.18459512000206,
              12.985582503407135
            ],
            [
              80.18427649457506,
              12.983821018582086
            ],
            [
              80.18424757390774,
              12.983484929190428
            ],
            [
              80.18399400783723,
              12.983419403388567
            ],
            [
              80.18346882804927,
              12.983544176096872
            ],
            [
              80.18283301768902,
              12.983604292388941
            ],
            [
              80.18275428593059,
              12.98352383411248
            ],
            [
              80.18272577137421,
              12.983139759550179
            ],
            [
              80.18301773403388,
              12.98242172076066
            ],
            [
              80.18304060728877,
              12.982336343001284
            ]
          ]
        ]
      },
      "properties": {
        "ZONE_NO": "XII",
        "WARD_NO": 166,
        "ZONE_NAME": "ALANDUR",
        "POLITICAL_": 321
      }
    },
    {
      "type": "Feature",
      "geometry": {
        "type": "Polygon",
        "coordinates": [
          [
            [
              80.19210824032147,
              12.982323738164718
            ],
            [
              80.19173140522861,
              12.982357910826801
            ],
            [
              80.1912902723428,
              12.98226964438038
            ],
            [
              80.19101995365136,
              12.982079716908373
            ],
            [
              80.19068107751372,
              12.981957839098065
            ],
            [
              80.18998546160041,
              12.981816674803815
            ],
            [
              80.18980112942724,
              12.981507453690158
            ],
            [
              80.18968738267434,
              12.980890561963873
            ],
            [
              80.18976664075441,
              12.980632302811845
            ],
            [
              80.1884470736311,
              12.980839160064727
            ],
            [
              80.18827142709719,
              12.980950062880725
            ],
            [
              80.18830170146767,
              12.981126201703294
            ],
            [
              80.18837975637425,
              12.981286635264329
            ],
            [
              80.1883728524882,
              12.982102383166131
            ],
            [
              80.18854051217372,
              12.982935188707208
            ],
            [
              80.18855007488608,
              12.985558571235247
            ],
            [
              80.18753364467939,
              12.985552388938334
            ],
            [
              80.187041717409,
              12.985501409217685
            ],
            [
              80.18675638789458,
              12.985435690219159
            ],
            [
              80.18664413287821,
              12.98556297448559
            ],
            [
              80.1866710229908,
              12.986138989730739
            ],
            [
              80.18657383747444,
              12.986362340936953
            ],
            [
              80.18633561164476,
              12.986360891961118
            ],
            [
              80.18598702598314,
              12.986262796455158
            ],
            [
              80.18586091979952,
              12.986150058269713
            ],
            [
              80.18586362720582,
              12.985830157131762
            ],
            [
              80.18595142877514,
              12.984838946595941
            ],
            [
              80.18582446697447,
              12.98295066049641
            ],
            [
              80.18570147430805,
              12.982470036002377
            ],
            [
              80.18575304521322,
              12.982006469147334
            ],
            [
              80.18564606963898,
              12.981509946194807
            ],
            [
              80.18542548534529,
              12.981300658077688
            ],
            [
              80.18504459475851,
              12.981266349602587
            ],
            [
              80.18388455220233,
              12.981339273204517
            ],
            [
              80.18347054446822,
              12.981464722101775
            ],
            [
              80.18321454173218,
              12.981687107324102
            ],
            [
              80.18301773403388,
              12.98242172076066
            ],
            [
              80.18272577137421,
              12.983139759550179
            ],
            [
              80.18275428593059,
              12.98352383411248
            ],
            [
              80.18283301768902,
              12.983604292388941
            ],
            [
              80.18346882804927,
              12.983544176096872
            ],
            [
              80.18399400783723,
              12.983419403388567
            ],
            [
              80.18424757390774,
              12.983484929190428
            ],
            [
              80.18427649457506,
              12.983821018582086
            ],
            [
              80.18459512000206,
              12.985582503407135
            ],
            [
              80.18463707961469,
              12.98625458559207
            ],
            [
              80.18220717615178,
              12.98623980603852
            ],
            [
              80.18168240247496,
              12.98631659357619
            ],
            [
              80.18149195718149,
              12.986299439338637
            ],
            [
              80.18113100942588,
              12.985785375754888
            ],
            [
              80.18102146181577,
              12.985592758883318
            ],
            [
              80.18081418720833,
              12.985687473445651
            ],
            [
              80.18074971272816,
              12.985799052450426
            ],
            [
              80.18122074957485,
              12.986441752678052
            ],
            [
              80.18144065701695,
              12.986731016079577
            ],
            [
              80.1813915227776,
              12.986906671910376
            ],
            [
              80.18129487874259,
              12.987066042889127
            ],
            [
              80.18121312068821,
              12.98731762349341
            ],
            [
              80.18342260122667,
              12.988207236370144
            ],
            [
              80.18428917355642,
              12.988608198667897
            ],
            [
              80.18453910016962,
              12.988920619269065
            ],
            [
              80.18509651247425,
              12.989376228499363
            ],
            [
              80.18531933388184,
              12.989575429525333
            ],
            [
              80.18525986127918,
              12.989970759282112
            ],
            [
              80.18505792612375,
              12.9906195956313
            ],
            [
              80.18505194636067,
              12.991326151207895
            ],
            [
              80.18554342791856,
              12.992940170217983
            ],
            [
              80.18564993521652,
              12.993619146303752
            ],
            [
              80.18595502900294,
              12.994044957163405
            ],
            [
              80.18609805047721,
              12.994092255905567
            ],
            [
              80.18599719774046,
              12.993481479705041
            ],
            [
              80.18584180676922,
              12.992719908784506
            ],
            [
              80.18562948450003,
              12.992311139269027
            ],
            [
              80.18549922570946,
              12.991767042861763
            ],
            [
              80.18545057060835,
              12.99114194717891
            ],
            [
              80.18537264522848,
              12.990788325526717
            ],
            [
              80.18551026063832,
              12.990463180077786
            ],
            [
              80.18567553706684,
              12.99005670725444
            ],
            [
              80.18567806590474,
              12.989757905366472
            ],
            [
              80.1856268819658,
              12.989431611571645
            ],
            [
              80.1854433701871,
              12.9888056956416
            ],
            [
              80.18539195635398,
              12.988506565654756
            ],
            [
              80.18555562352192,
              12.988290239487432
            ],
            [
              80.18674604059522,
              12.987862836734593
            ],
            [
              80.18709758753451,
              12.987756314145283
            ],
            [
              80.18804227396153,
              12.987680564451775
            ],
            [
              80.18817805021655,
              12.987572729466791
            ],
            [
              80.18834424622251,
              12.987057601411502
            ],
            [
              80.18958423797413,
              12.98714663910968
            ],
            [
              80.18979724992634,
              12.987473917201134
            ],
            [
              80.18979334172238,
              12.987935701937197
            ],
            [
              80.18971104834964,
              12.988098192636913
            ],
            [
              80.18976292197146,
              12.988342995007724
            ],
            [
              80.19024817611678,
              12.988373111705544
            ],
            [
              80.19138396083588,
              12.988026872278063
            ],
            [
              80.19251951566086,
              12.987707796658517
            ],
            [
              80.19306009184328,
              12.987575258607182
            ],
            [
              80.19319724746445,
              12.987304440774501
            ],
            [
              80.19267621230189,
              12.98512805514573
            ],
            [
              80.19210824032147,
              12.982323738164718
            ]
          ]
        ]
      },
      "properties": {
        "ZONE_NO": "XII",
        "WARD_NO": 164,
        "ZONE_NAME": "ALANDUR",
        "POLITICAL_": 319
      }
    },
    {
      "type": "Feature",
      "geometry": {
        "type": "Polygon",
        "coordinates": [
          [
            [
              80.19845364925152,
              12.990732854843298
            ],
            [
              80.19795738019357,
              12.988963306005004
            ],
            [
              80.1975919658966,
              12.987521327488777
            ],
            [
              80.19736117838315,
              12.986107333027912
            ],
            [
              80.19709537323168,
              12.985643907797638
            ],
            [
              80.19660896961456,
              12.985749610139697
            ],
            [
              80.1955013057027,
              12.985960194576732
            ],
            [
              80.19319724746445,
              12.987304440774501
            ],
            [
              80.19306009184328,
              12.987575258607182
            ],
            [
              80.19251951566086,
              12.987707796658517
            ],
            [
              80.19138396083588,
              12.988026872278063
            ],
            [
              80.19024817611678,
              12.988373111705544
            ],
            [
              80.18976292197146,
              12.988342995007724
            ],
            [
              80.18971104834964,
              12.988098192636913
            ],
            [
              80.18979334172238,
              12.987935701937197
            ],
            [
              80.18979724992634,
              12.987473917201134
            ],
            [
              80.18958423797413,
              12.98714663910968
            ],
            [
              80.18834424622251,
              12.987057601411502
            ],
            [
              80.18817805021655,
              12.987572729466791
            ],
            [
              80.18804227396153,
              12.987680564451775
            ],
            [
              80.18709758753451,
              12.987756314145283
            ],
            [
              80.18674604059522,
              12.987862836734593
            ],
            [
              80.18555562352192,
              12.988290239487432
            ],
            [
              80.18539195635398,
              12.988506565654756
            ],
            [
              80.1854433701871,
              12.9888056956416
            ],
            [
              80.1856268819658,
              12.989431611571645
            ],
            [
              80.18567806590474,
              12.989757905366472
            ],
            [
              80.18567553706684,
              12.99005670725444
            ],
            [
              80.18551026063832,
              12.990463180077786
            ],
            [
              80.18537264522848,
              12.990788325526717
            ],
            [
              80.18545057060835,
              12.99114194717891
            ],
            [
              80.18549922570946,
              12.991767042861763
            ],
            [
              80.18562948450003,
              12.992311139269027
            ],
            [
              80.18584180676922,
              12.992719908784506
            ],
            [
              80.18599719774046,
              12.993481479705041
            ],
            [
              80.18609805047721,
              12.994092255905567
            ],
            [
              80.18673861138251,
              12.994304096296663
            ],
            [
              80.18919682258144,
              12.99564744088989
            ],
            [
              80.19093235914643,
              12.99616674325481
            ],
            [
              80.19353733832773,
              12.996747861240488
            ],
            [
              80.19726623135837,
              12.997166233210157
            ],
            [
              80.19869787008973,
              12.997118413600107
            ],
            [
              80.19840937689159,
              12.995963978955865
            ],
            [
              80.19835757796909,
              12.995691195490055
            ],
            [
              80.19846855454061,
              12.99536490840275
            ],
            [
              80.19848966393484,
              12.995001745589933
            ],
            [
              80.1983111593684,
              12.994782685135739
            ],
            [
              80.19708785895024,
              12.994411953371424
            ],
            [
              80.19696315171126,
              12.994229549252779
            ],
            [
              80.19690361733673,
              12.99273969319104
            ],
            [
              80.19685550777764,
              12.992030982715756
            ],
            [
              80.19678844095299,
              12.991431144298224
            ],
            [
              80.19673648830704,
              12.991176524457906
            ],
            [
              80.19677363422096,
              12.991049598470013
            ],
            [
              80.19706311535909,
              12.990942371836967
            ],
            [
              80.19796563021723,
              12.990857038457458
            ],
            [
              80.19845364925152,
              12.990732854843298
            ]
          ]
        ]
      },
      "properties": {
        "ZONE_NO": "XII",
        "WARD_NO": 162,
        "ZONE_NAME": "ALANDUR",
        "POLITICAL_": 317
      }
    },
    {
      "type": "Feature",
      "geometry": {
        "type": "Polygon",
        "coordinates": [
          [
            [
              80.20496916271065,
              12.988742586558743
            ],
            [
              80.20241517093297,
              12.989451249484688
            ],
            [
              80.20223824545481,
              12.989396577141921
            ],
            [
              80.20224005975615,
              12.989182203305779
            ],
            [
              80.20226233341502,
              12.988646376603945
            ],
            [
              80.20198346779104,
              12.985964869550465
            ],
            [
              80.20187809870137,
              12.985839170815732
            ],
            [
              80.20162916325933,
              12.985909118323946
            ],
            [
              80.20102410898411,
              12.986137688441886
            ],
            [
              80.1994075405284,
              12.986413702381745
            ],
            [
              80.19905338718866,
              12.98634008666904
            ],
            [
              80.19889510676637,
              12.986178335296534
            ],
            [
              80.19864843920101,
              12.985980315509698
            ],
            [
              80.19840010852609,
              12.98597880507253
            ],
            [
              80.19831036065692,
              12.986103317034969
            ],
            [
              80.19843104858334,
              12.98651495543953
            ],
            [
              80.19846334936666,
              12.986890325429298
            ],
            [
              80.19831978301427,
              12.987085971672245
            ],
            [
              80.1979991399919,
              12.987244810058542
            ],
            [
              80.19773382737058,
              12.98715386930138
            ],
            [
              80.19768318391466,
              12.986849849368392
            ],
            [
              80.19747819102304,
              12.985919601418196
            ],
            [
              80.19735644475398,
              12.985633014418152
            ],
            [
              80.19709537323168,
              12.985643907797638
            ],
            [
              80.19736117838315,
              12.986107333027912
            ],
            [
              80.1975919658966,
              12.987521327488777
            ],
            [
              80.19795738019357,
              12.988963306005004
            ],
            [
              80.19845364925152,
              12.990732854843298
            ],
            [
              80.19878539845652,
              12.992024556450067
            ],
            [
              80.19983669997251,
              12.993538609359511
            ],
            [
              80.20026338922926,
              12.994267787053998
            ],
            [
              80.20040182713579,
              12.994958882378358
            ],
            [
              80.2005089606205,
              12.99508668592579
            ],
            [
              80.20076144956795,
              12.995088221655074
            ],
            [
              80.20177048301674,
              12.995203346324534
            ],
            [
              80.20209249836437,
              12.995514102465297
            ],
            [
              80.20254121935632,
              12.9957711355945
            ],
            [
              80.20277521220846,
              12.995827052505097
            ],
            [
              80.20278392516771,
              12.992666471992047
            ],
            [
              80.20341545498327,
              12.99263398406451
            ],
            [
              80.20345690515441,
              12.991998476565731
            ],
            [
              80.20383563857558,
              12.992000780159666
            ],
            [
              80.20426740070693,
              12.992130558216184
            ],
            [
              80.20480875589834,
              12.992097521813898
            ],
            [
              80.20509792958933,
              12.992026622431554
            ],
            [
              80.20585566797769,
              12.991911855635838
            ],
            [
              80.20505600704212,
              12.989105338957815
            ],
            [
              80.20496916271065,
              12.988742586558743
            ]
          ]
        ]
      },
      "properties": {
        "ZONE_NO": "XII",
        "WARD_NO": 163,
        "ZONE_NAME": "ALANDUR",
        "POLITICAL_": 318
      }
    }
  ]
}